PLAYER,Country,Year,ScoringAvg,BirdieAvg,DrivingDistance,TotalDriving,GIR%,Scrambling,SG_Total,SG_ApproachGreen,SG_Putting,SG_OffTee,SG_AroundGreen,SG_TeeToGreen,Top10Finishes,#Wins,FedExCupPoints,WorldRank,Money
Jordan Spieth,USA,2017,68.846,4.49,295.6,176.0,70.01,61.76,1.924,0.896,0.278,0.321,0.429,1.646,12,3,2671,10.54,9433033
Rickie Fowler,USA,2017,69.083,4.28,300.3,93.0,67.03,63.86,1.987,0.408,0.852,0.378,0.349,1.134,10,1,1832,6.59,6083197
Justin Thomas,USA,2017,69.359,4.48,309.7,170.0,67.16,60.39,1.811,0.738,0.332,0.452,0.289,1.479,12,5,2689,8.46,9921560
Marc Leishman,AUS,2017,69.468,3.81,298.6,179.0,67.04,61.42,1.422,0.41,0.356,0.319,0.337,1.066,7,2,1324,5.14,5866390
Paul Casey,ENG,2017,69.469,3.87,297.5,107.0,70.06,64.12,1.543,0.939,0.133,0.349,0.122,1.41,9,0,1135,5.42,3906974
Rory McIlroy,NIR,2017,69.529,3.85,317.2,162.0,65.63,62.29,1.078,0.322,-0.304,0.965,0.095,1.382,6,0,803,6.98,2430182
Dustin Johnson,USA,2017,69.549,3.99,315.0,145.0,69.52,62.76,1.882,0.67,0.019,1.071,0.121,1.862,8,4,2466,12.02,8732193
Jon Rahm,ESP,2017,69.561,4.11,305.8,140.0,68.61,63.33,1.778,0.515,0.256,0.949,0.057,1.522,11,1,1754,7.81,6123248
Sergio Garcia,ESP,2017,69.596,3.66,301.9,105.0,69.62,61.65,1.045,0.378,-0.311,0.795,0.182,1.356,3,1,1085,6.12,3522476
Hideki Matsuyama,JPN,2017,69.624,4.29,303.3,147.0,69.01,61.56,1.267,0.758,-0.345,0.508,0.346,1.613,7,3,2869,8.99,8380569
Justin Rose,ENG,2017,69.699,4.09,300.9,160.0,68.06,58.97,1.232,0.363,-0.063,0.559,0.373,1.295,8,0,996,5.59,4245308
Francesco Molinari,ITA,2017,69.802,3.86,292.4,104.0,67.28,62.74,1.364,0.842,-0.089,0.483,0.128,1.453,5,0,1010,4.35,2875850
Matt Kuchar,USA,2017,69.806,3.62,285.4,179.0,66.73,65.34,1.173,0.253,0.332,0.158,0.43,0.84,9,0,1260,5.58,4282488
Brooks Koepka,USA,2017,69.847,4.2,311.1,161.0,63.47,56.27,1.204,0.058,0.581,0.546,0.019,0.623,7,1,1736,6.07,5612397
Patrick Cantlay,USA,2017,69.971,3.73,298.9,129.0,69.21,60.15,1.269,0.467,0.159,0.623,0.021,1.111,4,0,578,1.96,2049632
Tony Finau,USA,2017,69.987,3.99,309.2,146.0,68.96,59.38,1.147,0.39,-0.133,0.826,0.065,1.28,8,0,1024,2.49,2838629
Kyle Stanley,USA,2017,69.989,3.8,296.5,79.0,70.39,58.35,0.951,0.562,-0.309,0.659,0.038,1.259,5,1,1204,2.37,3402106
Adam Scott,AUS,2017,69.996,3.78,307.0,159.0,67.05,58.43,1.006,0.536,-0.097,0.524,0.043,1.103,4,0,642,3.94,1695144
Bill Haas,USA,2017,70.011,3.47,293.0,209.0,67.91,63.75,0.923,0.399,0.055,-0.047,0.516,0.868,4,0,946,2.91,2842173
Webb Simpson,USA,2017,70.018,3.68,286.5,170.0,65.49,65.2,0.942,0.503,0.049,-0.036,0.426,0.893,6,0,1058,2.95,3209646
Russell Henley,USA,2017,70.027,3.85,298.0,114.0,67.81,57.12,0.939,0.196,0.434,0.31,0.0,0.506,5,1,1129,2.73,3413876
Ian Poulter,ENG,2017,70.045,3.46,283.5,233.0,64.46,67.36,0.936,0.573,0.025,-0.162,0.501,0.911,2,0,760,2.37,2098346
Brandt Snedeker,USA,2017,70.055,4.06,281.6,227.0,67.11,63.18,1.079,0.503,0.572,-0.311,0.314,0.506,4,0,663,2.89,1625806
Jason Day,AUS,2017,70.115,4.15,306.2,191.0,63.72,57.77,0.935,-0.004,0.354,0.311,0.273,0.58,5,0,756,6.46,2978181
Daniel Berger,USA,2017,70.121,3.85,296.9,162.0,66.67,61.63,0.91,0.57,0.149,0.282,-0.09,0.761,6,1,1623,3.81,4287161
Lucas Glover,USA,2017,70.139,3.7,298.6,90.0,69.94,60.16,0.918,0.301,-0.026,0.502,0.14,0.944,4,0,706,1.58,1955822
Xander Schauffele,USA,2017,70.163,3.86,306.8,134.0,68.0,57.55,0.881,0.011,0.402,0.554,-0.086,0.479,4,2,988,3.14,4312674
Phil Mickelson,USA,2017,70.168,3.86,293.5,251.0,62.85,60.0,1.048,0.553,0.337,-0.058,0.216,0.711,5,0,734,3.33,2102599
Charl Schwartzel,RSA,2017,70.211,3.62,299.1,218.0,61.76,60.05,0.761,0.399,0.257,-0.023,0.127,0.504,3,0,727,3.43,2156036
Stewart Cink,USA,2017,70.213,3.86,296.7,225.0,68.76,57.93,1.011,0.793,0.286,-0.019,-0.05,0.725,3,0,583,1.14,1463923
Louis Oosthuizen,RSA,2017,70.22,3.26,296.3,152.0,65.23,63.14,1.234,0.215,0.53,0.301,0.189,0.705,4,0,956,4.19,3105422
Chez Reavie,USA,2017,70.244,3.67,285.2,153.0,67.31,63.33,0.84,0.375,0.417,0.121,-0.073,0.423,4,0,666,1.46,1819206
Pat Perez,USA,2017,70.25,3.72,290.9,188.0,66.17,63.14,0.862,0.222,0.346,-0.147,0.44,0.515,6,1,1461,3.22,4361400
Jason Dufner,USA,2017,70.259,3.78,294.6,132.0,67.21,57.85,0.653,0.519,-0.001,0.268,-0.133,0.654,2,1,1126,3.08,3310341
Kevin Kisner,USA,2017,70.294,3.6,289.5,139.0,66.38,62.06,1.043,0.334,0.388,0.257,0.065,0.656,8,1,1612,3.84,4766936
Charley Hoffman,USA,2017,70.351,3.92,298.7,171.0,66.62,56.55,0.892,0.349,-0.012,0.586,-0.031,0.903,7,0,1498,3.88,4161008
Charles Howell III,USA,2017,70.371,3.51,296.9,228.0,67.01,62.63,0.492,0.223,0.172,0.016,0.081,0.32,5,0,1102,2.1,2606383
Graham DeLaet,CAN,2017,70.376,3.62,301.1,89.0,68.57,56.51,0.768,0.427,0.291,0.486,-0.436,0.477,6,0,640,1.48,1603666
Jamie Lovemark,USA,2017,70.391,3.72,304.9,161.0,66.09,60.07,0.743,0.183,-0.017,0.319,0.258,0.76,4,0,787,1.7,1886972
Zach Johnson,USA,2017,70.393,3.53,286.9,162.0,64.21,59.88,0.631,-0.007,0.417,-0.005,0.226,0.215,4,0,839,2.81,2362968
Kevin Na,USA,2017,70.399,3.8,283.7,242.0,65.51,61.1,0.778,0.631,0.265,-0.406,0.288,0.513,5,0,584,1.98,1728350
Brian Harman,USA,2017,70.402,3.67,289.9,186.0,63.78,63.19,0.746,-0.198,0.6,0.015,0.329,0.146,7,1,1557,3.39,4396470
Luke List,USA,2017,70.428,3.99,311.5,161.0,69.1,56.33,0.691,0.443,-0.426,0.6,0.074,1.117,3,0,741,1.16,1813219
Bud Cauley,USA,2017,70.432,3.59,295.9,168.0,67.36,58.41,0.53,0.588,-0.273,0.264,-0.05,0.803,5,0,666,1.45,1553685
Keegan Bradley,USA,2017,70.437,3.75,299.8,69.0,68.63,59.03,0.553,0.139,-0.216,0.625,0.004,0.769,5,0,794,1.55,1940478
Martin Laird,SCO,2017,70.45,3.47,296.9,99.0,65.86,60.98,0.829,0.139,0.253,0.235,0.203,0.576,5,0,676,1.57,1759706
Patrick Reed,USA,2017,70.453,3.75,295.6,213.0,62.17,61.23,0.976,-0.049,0.577,0.199,0.25,0.399,4,0,896,4.16,3055111
Gary Woodland,USA,2017,70.482,3.69,307.6,128.0,69.48,58.28,0.659,0.571,-0.381,0.431,0.039,1.04,5,0,1052,2.71,2980225
Sung Kang,KOR,2017,70.496,3.7,296.4,175.0,66.07,56.98,0.478,0.251,0.154,0.255,-0.182,0.325,3,0,798,1.53,1943309
Brendan Steele,USA,2017,70.503,3.81,300.4,109.0,67.26,58.99,0.875,0.411,-0.013,0.387,0.09,0.888,4,1,1226,2.26,2907095
Chad Campbell,USA,2017,70.509,3.36,285.6,170.0,69.07,64.63,0.405,0.506,-0.286,0.041,0.144,0.691,3,0,616,0.95,1329941
Seamus Power,IRL,2017,70.543,3.74,298.1,226.0,65.63,63.43,0.538,0.202,0.174,-0.067,0.229,0.364,1,0,350,0.67,646180
Adam Hadwin,CAN,2017,70.583,3.63,291.3,173.0,65.08,62.82,0.551,0.183,0.409,0.003,-0.044,0.143,5,1,1347,2.58,3455012
Brian Gay,USA,2017,70.585,3.37,278.7,215.0,63.53,62.3,0.282,-0.006,0.451,-0.417,0.254,-0.168,3,0,426,0.79,942372
Hudson Swafford,USA,2017,70.618,3.69,305.1,116.0,68.21,55.53,0.314,0.202,-0.005,0.454,-0.337,0.319,4,1,921,1.76,2246090
J.B. Holmes,USA,2017,70.66,3.71,307.5,201.0,62.57,56.64,0.676,0.039,-0.032,0.533,0.137,0.708,2,0,543,2.32,1353584
Shane Lowry,IRL,2017,70.667,3.8,296.4,100.0,67.57,55.59,1.015,0.231,0.479,0.582,-0.277,0.536,1,0,361,1.68,831411
Nick Watney,USA,2017,70.685,3.32,300.9,191.0,66.43,58.99,0.171,0.585,-0.113,-0.063,-0.238,0.284,1,0,386,0.56,824162
Rafa Cabrera Bello,ESP,2017,70.693,3.48,291.7,185.0,62.69,59.8,0.147,-0.171,0.473,-0.223,0.068,-0.326,4,0,615,4.24,1934675
Robert Streb,USA,2017,70.7,3.45,294.3,216.0,65.19,58.91,0.078,-0.072,0.003,-0.159,0.305,0.075,3,0,577,1.29,1588287
Ollie Schniederjans,USA,2017,70.704,3.79,300.7,222.0,66.03,58.65,0.383,0.309,-0.019,0.125,-0.032,0.402,5,0,882,1.41,1935669
Michael Kim,USA,2017,70.707,3.66,289.6,225.0,65.68,58.81,0.247,0.158,0.229,-0.247,0.106,0.017,1,0,483,0.68,1018204
Robert Garrigus,USA,2017,70.712,3.96,300.7,148.0,69.52,54.94,0.253,0.477,-0.456,0.422,-0.19,0.709,3,0,448,0.94,880905
Ryan Moore,USA,2017,70.741,3.54,288.0,147.0,65.05,56.74,0.301,0.498,-0.017,-0.006,-0.173,0.319,2,0,671,2.62,1751851
David Lingmerth,SWE,2017,70.755,3.67,290.6,169.0,63.11,59.44,0.475,0.054,0.484,-0.032,-0.031,-0.009,1,0,437,1.56,1070754
Russell Knox,SCO,2017,70.765,3.71,288.6,146.0,66.59,57.48,-0.183,0.181,-0.349,0.102,-0.119,0.165,4,0,669,2.21,1643924
Kevin Chappell,USA,2017,70.779,3.69,305.0,142.0,65.25,56.84,0.538,0.294,-0.303,0.442,0.106,0.841,5,1,1015,3.55,3149615
Emiliano Grillo,ARG,2017,70.798,3.63,293.3,130.0,66.99,55.71,0.359,0.281,-0.173,0.368,-0.116,0.532,2,0,518,2.23,1567015
Anirban Lahiri,IND,2017,70.799,3.96,297.0,164.0,63.43,55.06,-0.186,-0.143,-0.336,0.234,0.059,0.149,3,0,667,1.97,1944289
Sean O'Hair,USA,2017,70.801,3.6,297.5,147.0,66.4,57.28,0.376,0.118,0.107,0.252,-0.101,0.269,5,0,707,1.86,1873856
Scott Stallings,USA,2017,70.811,3.4,297.6,198.0,67.89,55.51,0.02,0.375,-0.32,0.049,-0.084,0.339,3,0,438,0.78,955337
Chris Stroud,USA,2017,70.815,3.73,286.8,176.0,66.2,59.33,0.013,0.173,-0.126,-0.094,0.06,0.139,3,1,627,1.05,1308445
Nick Taylor,CAN,2017,70.817,3.39,291.6,184.0,66.14,61.83,0.151,0.053,-0.191,0.168,0.121,0.342,4,0,532,0.83,1255259
Luke Donald,ENG,2017,70.831,3.13,278.5,325.0,61.92,59.88,0.047,-0.078,0.704,-1.001,0.422,-0.657,1,0,424,1.35,958850
Billy Horschel,USA,2017,70.832,3.38,300.1,141.0,67.89,54.33,0.004,0.02,0.084,0.224,-0.324,-0.08,4,1,1068,2.39,2697960
Harris English,USA,2017,70.848,3.59,301.9,216.0,63.96,59.43,0.038,0.138,0.374,-0.644,0.169,-0.336,2,0,397,1.06,864960
John Huh,USA,2017,70.851,3.34,287.1,186.0,65.78,63.65,0.099,-0.02,0.124,-0.049,0.043,-0.026,2,0,382,0.6,767575
Danny Lee,NZL,2017,70.86,3.79,291.1,182.0,66.1,55.43,0.325,0.304,0.247,0.037,-0.263,0.078,4,0,697,1.52,1611331
Branden Grace,RSA,2017,70.862,3.21,292.0,223.0,66.4,61.42,0.271,0.173,-0.248,0.18,0.165,0.518,2,0,510,2.83,1315054
Ryan Blaum,USA,2017,70.866,3.65,284.1,242.0,65.28,60.0,0.047,-0.032,0.334,-0.198,-0.057,-0.286,2,0,434,0.59,962768
Bryson DeChambeau,USA,2017,70.866,3.61,299.4,169.0,65.48,57.32,0.19,-0.02,-0.193,0.42,-0.016,0.383,2,1,836,1.61,1817054
Kevin Tway,USA,2017,70.868,3.64,309.2,189.0,64.71,59.03,0.433,-0.168,0.261,0.288,0.053,0.172,3,0,619,1.0,1472613
Kevin Streelman,USA,2017,70.873,3.44,294.0,114.0,66.67,60.04,0.169,0.197,-0.281,0.292,-0.038,0.45,2,0,541,1.16,1313327
Brandon Hagy,USA,2017,70.875,3.66,312.7,183.0,64.5,60.16,0.293,-0.393,0.109,0.459,0.118,0.184,1,0,419,0.74,861227
Camilo Villegas,COL,2017,70.881,3.79,288.7,293.0,61.88,62.35,0.218,0.107,0.4,-0.524,0.235,-0.182,2,0,464,0.52,971420
Rory Sabbatini,SVK,2017,70.883,3.83,291.6,148.0,67.35,58.38,0.125,0.146,-0.357,0.308,0.028,0.482,1,0,375,0.56,741617
Martin Flores,USA,2017,70.885,3.37,300.6,216.0,70.64,57.01,-0.015,0.047,0.242,-0.024,-0.28,-0.257,2,0,383,0.8,830057
Byeong Hun An,KOR,2017,70.887,3.44,300.3,180.0,64.04,56.22,0.589,0.369,-0.375,0.524,0.071,0.964,3,0,468,1.83,1236090
Cameron Smith,AUS,2017,70.909,3.82,292.6,243.0,63.14,58.64,0.502,0.149,0.084,-0.13,0.399,0.418,4,1,847,1.12,2123216
Sam Saunders,USA,2017,70.921,3.93,293.6,133.0,65.24,58.45,0.071,-0.136,0.138,0.348,-0.28,-0.068,2,0,354,0.82,678117
James Hahn,USA,2017,70.925,3.39,293.9,153.0,66.09,60.58,0.26,0.016,0.036,0.177,0.03,0.223,4,0,711,2.0,1841314
Jim Herman,USA,2017,70.931,3.47,292.5,107.0,68.07,56.15,0.368,0.143,-0.127,0.422,-0.07,0.495,2,0,553,1.36,1205632
Scott Brown,USA,2017,70.932,3.56,289.0,174.0,64.35,59.08,-0.068,-0.225,0.276,0.143,-0.262,-0.344,2,0,646,1.28,1748324
Ben Martin,USA,2017,70.954,3.66,291.7,159.0,66.6,58.53,0.163,0.297,-0.044,0.138,-0.227,0.208,2,0,378,0.85,850319
S.Y. Noh,KOR,2017,70.955,3.64,298.5,227.0,65.58,59.18,0.186,0.044,0.244,-0.541,0.439,-0.058,3,0,446,0.8,1080706
Jason Kokrak,USA,2017,70.961,3.65,306.4,131.0,66.78,53.87,0.052,0.077,-0.405,0.607,-0.226,0.458,1,0,490,1.43,1173708
Whee Kim,KOR,2017,70.964,3.46,290.0,274.0,62.58,62.27,-0.208,-0.148,0.443,-0.665,0.163,-0.651,2,0,505,0.9,1125368
Harold Varner III,USA,2017,70.966,3.58,302.4,139.0,67.68,56.94,0.109,0.33,-0.402,0.262,-0.081,0.511,1,0,375,1.18,918779
J.T. Poston,USA,2017,70.982,3.83,295.5,190.0,65.52,59.07,0.031,0.053,-0.117,0.156,-0.062,0.147,1,0,340,0.63,662565
J.J. Spaun,USA,2017,70.999,3.5,291.5,149.0,67.12,59.14,-0.072,-0.122,-0.027,0.316,-0.24,-0.045,3,0,510,1.08,1122611
Zac Blair,USA,2017,71.007,3.29,272.7,197.0,64.7,65.5,-0.044,-0.141,0.035,-0.155,0.218,-0.078,1,0,364,0.55,788352
Trey Mullinax,USA,2017,71.027,3.84,309.6,176.0,67.01,56.26,0.006,-0.195,-0.057,0.427,-0.169,0.063,1,0,330,0.66,758141
Cameron Percy,AUS,2017,71.03,3.42,292.5,191.0,69.91,60.23,-0.082,0.266,-0.205,-0.019,-0.123,0.123,1,0,291,0.56,623694
Mackenzie Hughes,CAN,2017,71.044,3.6,294.3,190.0,64.74,58.64,0.172,-0.404,0.492,0.021,0.063,-0.32,2,1,974,1.4,2355553
Jhonattan Vegas,VEN,2017,71.054,3.6,301.3,166.0,65.93,57.61,0.093,0.172,-0.413,0.394,-0.06,0.506,4,1,1023,2.91,2944738
Geoff Ogilvy,AUS,2017,71.056,3.14,286.5,214.0,65.51,60.85,-0.152,-0.327,0.043,-0.064,0.196,-0.195,1,0,390,0.73,867249
Wesley Bryan,USA,2017,71.062,3.4,279.8,302.0,60.5,60.59,0.002,0.421,0.34,-0.899,0.141,-0.337,5,1,1046,2.39,2495751
Grayson Murray,USA,2017,71.064,3.89,308.2,164.0,63.95,53.77,0.064,-0.032,-0.082,0.353,-0.176,0.146,2,1,638,1.58,1468728
Ben Crane,USA,2017,71.091,3.33,278.5,194.0,65.68,59.02,-0.223,-0.024,-0.155,-0.15,0.105,-0.068,1,0,281,0.5,618483
David Hearn,CAN,2017,71.107,3.28,281.0,193.0,64.71,61.85,-0.096,0.016,-0.052,-0.175,0.115,-0.044,2,0,359,0.78,800710
Morgan Hoffmann,USA,2017,71.107,3.47,293.9,179.0,63.57,60.14,-0.06,-0.419,0.078,0.165,0.115,-0.138,1,0,565,1.0,1278568
C.T. Pan,TPE,2017,71.109,3.16,287.2,182.0,67.25,60.55,-0.087,-0.092,-0.013,0.052,-0.034,-0.074,3,0,527,1.04,1267649
Ryan Palmer,USA,2017,71.116,3.19,303.2,159.0,66.46,56.88,-0.129,0.555,-1.159,0.533,-0.058,1.03,3,0,336,1.21,772560
William McGirt,USA,2017,71.151,3.23,285.2,156.0,67.2,56.53,-0.098,-0.193,-0.025,0.257,-0.137,-0.072,3,0,499,1.94,1225005
Jimmy Walker,USA,2017,71.155,3.4,295.7,219.0,63.57,57.25,0.273,0.518,0.135,-0.258,-0.123,0.138,1,0,439,2.58,1101162
Blayne Barber,USA,2017,71.163,3.77,291.2,189.0,67.61,55.8,0.013,-0.123,0.402,0.041,-0.306,-0.389,1,0,381,0.67,823082
J.J. Henry,USA,2017,71.164,2.98,294.1,156.0,69.44,56.66,-0.172,0.05,-0.43,0.208,0.0,0.258,2,0,365,0.42,734874
Richy Werenski,USA,2017,71.171,3.51,291.2,141.0,67.42,60.6,-0.223,-0.123,0.0,0.203,-0.303,-0.223,3,0,423,0.94,890262
Bubba Watson,USA,2017,71.175,3.49,305.8,132.0,62.87,55.34,0.085,-0.175,-0.187,0.647,-0.201,0.272,4,0,397,2.32,1223129
Billy Hurley III,USA,2017,71.176,3.58,276.9,273.0,63.61,58.78,0.11,0.432,0.374,-0.812,0.117,-0.263,1,0,333,1.05,719579
Tyrone Van Aswegen,RSA,2017,71.181,3.43,287.2,239.0,66.38,58.94,-0.217,0.084,-0.32,-0.067,0.085,0.103,1,0,407,0.58,806410
Daniel Summerhays,USA,2017,71.197,3.34,287.1,192.0,63.42,56.22,0.049,-0.062,0.11,-0.05,0.051,-0.062,1,0,348,1.36,826124
Michael Thompson,USA,2017,71.207,3.11,284.8,232.0,63.69,58.74,-0.173,-0.373,0.84,-0.431,-0.208,-1.013,1,0,278,0.64,568991
Scott Piercy,USA,2017,71.235,4.06,295.9,179.0,66.75,49.88,-0.275,0.311,-0.526,0.19,-0.25,0.251,4,0,532,1.67,1317452
Chris Kirk,USA,2017,71.255,3.69,287.0,190.0,66.73,54.73,-0.228,0.101,-0.074,-0.315,0.059,-0.155,3,0,467,1.11,1216047
Jonas Blixt,SWE,2017,71.283,3.49,288.8,218.0,61.51,58.56,-0.341,-0.614,0.536,-0.3,0.037,-0.877,1,1,578,0.55,1408288
D.A. Points,USA,2017,71.315,3.35,278.1,214.0,66.83,55.67,-0.406,0.421,-0.478,-0.436,0.087,0.071,1,1,435,0.81,893700
Cameron Tringale,USA,2017,71.343,3.47,280.9,296.0,64.39,58.83,-0.14,0.089,0.125,-0.75,0.396,-0.265,3,0,337,0.67,792814
Søren Kjeldsen,DEN,2017,71.39,3.35,273.6,197.0,62.02,51.64,-0.182,-0.09,0.473,-0.424,-0.142,-0.655,1,0,283,1.58,722913
Johnson Wagner,USA,2017,71.429,3.3,288.1,194.0,66.93,55.73,-0.336,-0.088,0.12,-0.081,-0.287,-0.456,2,0,321,0.66,685306
Smylie Kaufman,USA,2017,71.432,3.65,304.8,189.0,65.26,55.18,-0.177,-0.059,-0.137,0.091,-0.073,-0.04,1,0,316,0.9,784758
Patrick Rodgers,USA,2017,71.432,3.3,306.3,194.0,65.84,53.63,-0.716,-0.529,-0.066,-0.044,-0.077,-0.65,3,0,639,1.09,1346322
Alex Cejka,GER,2017,71.461,3.05,282.1,188.0,66.45,61.08,-0.452,-0.2,-0.359,-0.02,0.127,-0.093,1,0,276,0.72,618171
Aaron Baddeley,AUS,2017,71.483,3.49,292.6,275.0,62.57,59.9,-0.172,0.256,0.044,-0.782,0.31,-0.216,2,0,325,1.04,755356
Dominic Bozzelli,USA,2017,71.49,3.57,294.4,226.0,61.97,57.75,-0.449,-0.342,-0.033,0.051,-0.125,-0.417,3,0,394,0.93,868519
Kelly Kraft,USA,2017,71.491,3.35,291.9,200.0,63.15,53.5,-0.681,0.159,-0.157,-0.205,-0.479,-0.524,3,0,672,0.95,1638045
Derek Fathauer,USA,2017,71.568,3.68,286.5,300.0,62.81,53.78,-0.647,-0.136,0.094,-0.456,-0.149,-0.74,2,0,408,0.65,898491
Cody Gribble,USA,2017,71.581,3.64,297.2,225.0,62.7,54.74,-0.524,-0.586,0.461,-0.338,-0.061,-0.985,2,1,514,0.69,1305554
Patton Kizzire,USA,2017,71.598,3.59,293.0,270.0,63.52,54.31,-0.578,0.29,-0.103,-0.744,-0.021,-0.475,3,0,519,0.67,1110395
Chad Collins,USA,2017,71.77,3.13,281.4,281.0,60.93,63.07,-0.454,-0.254,0.079,-0.573,0.294,-0.533,2,0,305,0.72,693743
Rod Pampling,AUS,2017,71.861,3.1,287.8,218.0,64.01,52.83,-0.677,-0.231,-0.518,-0.11,0.183,-0.158,1,1,630,0.86,1539422
Rick Lamb,USA,2017,71.978,3.46,298.0,98.0,66.89,54.03,-0.824,-0.578,-0.254,0.686,-0.678,-0.57,1,0,269,0.65,524372
Si Woo Kim,KOR,2017,72.253,3.11,289.8,260.0,59.63,55.41,-0.965,-0.447,-0.392,-0.236,0.11,-0.573,2,1,839,2.88,2681177
Dustin Johnson,USA,2018,68.698,4.7,314.0,131.0,70.57,62.5,2.372,0.829,0.385,0.919,0.238,1.987,12,3,2717,10.36,8457352
Justin Rose,ENG,2018,68.993,4.53,303.5,67.0,69.95,63.03,1.952,0.526,0.424,0.551,0.45,1.527,11,2,1991,10.11,8130678
Justin Thomas,USA,2018,69.118,4.34,311.8,149.0,68.77,62.47,1.835,0.844,0.272,0.408,0.311,1.563,10,3,2634,9.46,8694821
Webb Simpson,USA,2018,69.293,3.59,293.7,207.0,67.93,66.1,1.432,0.486,0.692,-0.116,0.37,0.741,9,1,1710,4.92,5376417
Rory McIlroy,NIR,2018,69.303,4.0,319.7,164.0,66.3,62.97,1.412,0.269,0.06,0.761,0.322,1.351,7,1,1154,7.3,4410296
Tommy Fleetwood,ENG,2018,69.342,4.32,306.9,72.0,69.36,55.77,1.606,0.405,0.324,0.58,0.296,1.282,6,0,1130,5.92,3935147
Tiger Woods,USA,2018,69.35,4.03,303.6,159.0,67.4,64.16,1.596,0.883,0.266,0.061,0.385,1.33,7,1,1162,5.8,5443841
Rickie Fowler,USA,2018,69.435,4.0,299.8,101.0,69.52,63.05,1.275,0.494,0.296,0.244,0.242,0.98,6,0,1302,6.63,4235237
Brooks Koepka,USA,2018,69.444,4.19,313.4,163.0,68.28,63.28,1.22,0.232,0.168,0.658,0.162,1.052,6,2,2012,9.8,7094047
Tony Finau,USA,2018,69.52,4.13,315.1,178.0,70.18,57.22,1.435,0.5,0.232,0.481,0.222,1.203,11,0,1509,4.88,5620138
Jason Day,AUS,2018,69.603,4.18,310.0,155.0,65.28,62.35,1.285,-0.14,0.77,0.176,0.479,0.515,5,2,1771,6.16,5087461
Henrik Stenson,SWE,2018,69.617,3.64,291.5,140.0,73.51,60.67,1.153,0.96,-0.207,0.427,-0.027,1.36,5,0,868,3.96,2680487
Bryson DeChambeau,USA,2018,69.646,4.2,305.7,117.0,69.65,59.84,1.558,0.556,0.346,0.586,0.07,1.212,9,3,1617,6.91,8094489
Francesco Molinari,ITA,2018,69.797,3.77,301.0,98.0,70.24,58.67,1.123,0.593,-0.487,0.69,0.327,1.61,5,2,1682,7.17,5065842
Paul Casey,ENG,2018,69.85,3.77,304.3,109.0,67.84,60.58,0.966,0.586,0.133,0.138,0.109,0.833,5,1,1319,4.69,3641771
Rafa Cabrera Bello,ESP,2018,69.887,3.77,295.1,123.0,70.16,57.98,1.112,0.487,0.273,0.256,0.096,0.839,5,0,784,3.56,2449869
Patrick Cantlay,USA,2018,69.899,3.83,303.1,136.0,70.69,57.58,1.096,0.509,-0.182,0.622,0.146,1.278,7,1,1388,4.14,3963962
Jordan Spieth,USA,2018,69.904,4.16,299.8,160.0,70.47,61.63,0.83,0.409,-0.034,0.271,0.184,0.863,5,0,945,6.36,2793536
Zach Johnson,USA,2018,69.911,3.86,289.8,217.0,67.43,62.35,1.035,0.463,0.206,-0.059,0.425,0.829,2,0,839,2.42,1957635
Jon Rahm,ESP,2018,69.958,4.44,308.9,145.0,70.12,57.18,0.889,0.047,-0.151,0.817,0.176,1.039,5,1,1430,6.81,3992678
Alex Noren,SWE,2018,69.973,3.47,299.2,166.0,64.91,61.74,1.044,0.107,0.758,0.208,-0.029,0.286,3,0,989,4.75,2699150
Ryan Moore,USA,2018,70.015,3.5,289.2,167.0,68.8,64.16,0.941,0.532,-0.271,0.406,0.273,1.211,5,0,795,1.91,1986608
Hideki Matsuyama,JPN,2018,70.022,3.94,302.0,132.0,69.29,60.8,1.196,0.727,0.132,0.194,0.143,1.064,4,0,607,4.67,2687477
Tyrrell Hatton,ENG,2018,70.091,3.35,298.8,172.0,66.46,62.58,0.938,0.202,0.335,0.148,0.252,0.603,4,0,550,3.84,1943360
Phil Mickelson,USA,2018,70.098,4.31,300.3,246.0,64.88,58.36,0.931,0.555,0.51,-0.225,0.091,0.42,6,1,1546,4.03,4595187
Patrick Reed,USA,2018,70.106,3.76,298.1,256.0,63.57,62.94,0.947,0.187,0.164,0.051,0.545,0.783,7,1,1555,5.13,5006267
Emiliano Grillo,ARG,2018,70.152,3.89,295.2,114.0,68.84,61.05,1.133,0.345,0.546,0.364,-0.122,0.587,6,0,901,2.17,2493163
Billy Horschel,USA,2018,70.154,3.91,295.4,117.0,71.75,58.03,1.112,0.352,0.392,0.538,-0.169,0.72,6,1,960,3.15,4315200
Louis Oosthuizen,RSA,2018,70.157,3.43,299.8,112.0,65.74,64.26,0.521,-0.261,-0.026,0.401,0.408,0.548,3,0,620,3.04,1731493
Gary Woodland,USA,2018,70.161,3.8,313.5,73.0,70.51,54.45,1.066,0.484,0.007,0.803,-0.228,1.059,3,1,1044,2.95,3108907
Byeong Hun An,KOR,2018,70.19,3.65,307.9,135.0,67.99,61.16,0.805,0.448,-0.285,0.475,0.167,1.091,4,0,913,2.57,2599264
Charles Howell III,USA,2018,70.219,3.55,300.9,141.0,69.33,60.87,0.801,0.163,0.219,0.324,0.095,0.582,4,0,885,1.82,2179725
Luke List,USA,2018,70.229,3.86,314.6,187.0,68.36,58.41,0.87,0.194,-0.467,0.795,0.349,1.337,5,0,1080,2.29,2710736
Aaron Wise,USA,2018,70.247,4.11,302.9,113.0,68.81,56.28,0.703,0.012,0.238,0.41,0.042,0.464,4,1,1086,2.45,3486407
Marc Leishman,AUS,2018,70.26,3.96,298.5,197.0,66.67,59.07,0.624,0.211,0.126,-0.006,0.292,0.498,6,0,1148,4.11,3771221
Brian Gay,USA,2018,70.28,3.82,282.9,192.0,64.52,63.26,0.565,0.036,0.442,-0.166,0.253,0.123,6,0,880,1.38,2152501
Kevin Na,USA,2018,70.288,3.91,289.6,219.0,64.66,63.62,0.801,0.273,0.533,-0.378,0.373,0.268,4,1,1183,2.82,3578316
Keegan Bradley,USA,2018,70.303,3.65,299.6,80.0,69.18,56.78,0.793,0.888,-0.358,0.237,0.026,1.151,5,1,872,3.41,4069464
Chesson Hadley,USA,2018,70.311,3.94,300.0,179.0,67.68,56.6,0.859,0.606,0.208,0.146,-0.102,0.65,7,0,1122,1.84,2768863
Daniel Berger,USA,2018,70.32,3.53,297.7,141.0,66.89,58.94,0.816,0.543,0.319,0.1,-0.145,0.497,1,0,565,2.59,1721763
Jim Furyk,USA,2018,70.342,3.15,280.5,200.0,63.19,62.58,0.412,0.179,0.389,-0.392,0.235,0.023,2,0,291,0.76,660010
Brandt Snedeker,USA,2018,70.379,3.62,293.1,206.0,65.04,60.08,0.625,-0.026,0.478,-0.145,0.318,0.147,4,1,1077,2.43,2448970
Bubba Watson,USA,2018,70.384,3.75,313.1,151.0,68.21,56.64,0.555,0.005,0.001,0.78,-0.231,0.554,6,3,1879,5.36,5793748
Kyle Stanley,USA,2018,70.404,3.82,295.7,105.0,71.09,54.8,0.686,0.298,0.037,0.378,-0.027,0.649,5,0,1198,3.76,3916001
Chris Kirk,USA,2018,70.411,3.77,289.8,209.0,68.24,63.53,0.732,0.518,0.073,-0.048,0.19,0.659,4,0,756,1.24,1824111
Branden Grace,RSA,2018,70.412,3.69,298.9,145.0,67.1,57.78,0.812,0.174,0.35,0.163,0.125,0.463,2,0,590,2.7,1529289
Adam Scott,AUS,2018,70.42,3.76,304.6,117.0,70.66,54.85,0.779,0.639,-0.285,0.3,0.125,1.064,3,0,623,2.89,2237641
Chez Reavie,USA,2018,70.432,3.71,286.5,176.0,68.67,62.27,0.674,0.437,0.192,0.183,-0.137,0.483,3,0,1020,2.16,2700018
Kevin Streelman,USA,2018,70.436,3.57,295.1,119.0,71.56,60.93,0.619,0.415,-0.25,0.439,0.014,0.868,5,0,673,1.14,1523642
Stewart Cink,USA,2018,70.44,3.62,298.1,229.0,68.58,55.69,0.465,0.698,-0.345,0.057,0.055,0.81,3,0,758,1.87,1887208
Jason Kokrak,USA,2018,70.444,3.88,309.5,158.0,70.37,55.11,0.539,0.257,0.022,0.36,-0.101,0.517,4,0,700,1.48,1794431
C.T. Pan,TPE,2018,70.457,3.79,292.7,139.0,71.2,56.89,0.478,0.267,-0.067,0.215,0.063,0.544,2,0,693,1.51,1881787
Matt Kuchar,USA,2018,70.461,3.58,288.0,244.0,66.81,63.6,0.576,0.216,0.348,-0.199,0.211,0.228,4,0,679,3.22,1720097
Austin Cook,USA,2018,70.469,3.92,292.3,154.0,66.51,62.02,0.569,-0.045,0.315,0.12,0.179,0.254,3,1,1060,1.47,2448920
Xander Schauffele,USA,2018,70.486,3.81,304.9,152.0,65.59,57.81,0.644,0.235,0.196,0.24,-0.027,0.448,7,0,1081,4.77,4047538
Russell Henley,USA,2018,70.489,3.69,293.0,134.0,68.77,54.33,0.541,0.467,0.167,0.093,-0.186,0.374,3,0,569,2.07,1516438
Cameron Smith,AUS,2018,70.517,3.69,298.4,232.0,63.18,61.12,0.219,0.034,0.115,-0.148,0.218,0.104,7,0,821,3.34,3622607
J.J. Spaun,USA,2018,70.525,3.91,298.2,114.0,69.48,55.76,0.292,0.41,-0.149,0.286,-0.255,0.441,4,0,849,1.18,1978906
Brian Harman,USA,2018,70.536,3.73,291.9,154.0,67.59,56.95,0.29,-0.024,0.273,0.137,-0.096,0.017,8,0,1056,2.95,2733463
Russell Knox,SCO,2018,70.568,3.49,291.7,155.0,69.57,59.43,0.383,0.263,-0.088,0.059,0.149,0.471,3,0,585,2.22,1424030
Beau Hossler,USA,2018,70.574,3.79,300.0,167.0,67.95,60.0,0.584,-0.395,0.685,0.281,0.013,-0.101,5,0,957,1.83,2449707
Joel Dahmen,USA,2018,70.578,3.75,295.8,126.0,68.82,63.31,0.4,0.381,-0.277,0.3,-0.004,0.677,3,0,676,0.91,1476838
Peter Uihlein,USA,2018,70.578,3.65,302.2,236.0,67.88,57.87,0.268,-0.04,0.021,0.132,0.156,0.247,4,0,593,2.09,1797715
Andrew Putnam,USA,2018,70.579,3.63,293.8,229.0,70.47,61.52,0.472,0.38,0.052,-0.146,0.187,0.42,5,1,1026,1.82,2387382
Ian Poulter,ENG,2018,70.593,3.75,293.6,146.0,67.01,57.11,0.85,0.435,0.223,0.141,0.051,0.627,4,1,1030,3.21,2714450
Pat Perez,USA,2018,70.594,3.85,290.9,187.0,67.78,55.63,-0.048,-0.138,0.115,-0.063,0.037,-0.163,4,1,1116,2.29,2962641
Ollie Schniederjans,USA,2018,70.641,3.92,301.4,241.0,62.77,56.95,0.254,0.09,0.325,-0.41,0.25,-0.071,3,0,573,1.26,1303610
Abraham Ancer,MEX,2018,70.659,3.64,296.1,165.0,66.49,62.69,0.32,0.074,-0.056,0.325,-0.022,0.376,5,0,589,1.31,1676695
Anirban Lahiri,IND,2018,70.66,3.57,294.0,233.0,64.7,58.35,0.104,-0.285,0.199,0.07,0.12,-0.095,4,0,555,1.36,1441205
Alex Cejka,GER,2018,70.675,3.42,286.7,199.0,63.77,64.0,0.312,-0.169,0.009,-0.024,0.495,0.302,2,0,502,0.65,1198541
Vaughn Taylor,USA,2018,70.692,3.91,286.1,196.0,67.02,59.91,0.219,0.305,-0.08,-0.005,-0.002,0.299,3,0,445,0.68,965691
Rory Sabbatini,SVK,2018,70.693,3.73,292.3,224.0,67.85,61.36,0.358,-0.152,0.059,0.217,0.234,0.299,1,0,521,1.03,1126057
Bronson Burgoon,USA,2018,70.701,3.81,302.8,99.0,68.44,55.61,0.481,0.371,0.107,0.309,-0.307,0.373,2,0,446,1.03,1179616
John Huh,USA,2018,70.718,3.7,287.1,234.0,65.8,57.94,0.251,0.24,0.167,-0.11,-0.047,0.083,2,0,480,0.67,974538
Scott Stallings,USA,2018,70.719,3.5,299.7,221.0,65.62,60.86,0.27,0.373,-0.07,-0.008,-0.025,0.341,2,0,470,1.04,1147573
Brandon Harkins,USA,2018,70.721,3.94,303.1,216.0,65.67,55.88,0.275,-0.006,0.225,0.181,-0.124,0.05,3,0,528,0.72,1148115
Kevin Kisner,USA,2018,70.729,3.44,290.8,176.0,65.38,60.29,0.037,-0.316,0.513,-0.043,-0.118,-0.476,4,0,971,3.58,2972285
Patrick Rodgers,USA,2018,70.731,3.69,303.5,137.0,65.65,57.22,0.232,-0.323,0.561,-0.039,0.034,-0.328,3,0,541,1.05,1287040
Jamie Lovemark,USA,2018,70.734,3.76,303.2,190.0,64.65,61.07,0.388,-0.04,0.01,-0.101,0.519,0.378,3,0,576,1.29,1377286
Scott Piercy,USA,2018,70.736,3.66,296.6,128.0,69.72,55.96,0.29,0.553,-0.569,0.209,0.097,0.859,2,1,802,0.73,1882337
Corey Conners,CAN,2018,70.743,3.71,303.3,115.0,70.19,57.52,0.193,0.275,-0.385,0.501,-0.198,0.579,1,0,353,0.44,728296
Adam Hadwin,CAN,2018,70.75,3.6,289.4,196.0,68.04,58.59,0.596,0.166,0.106,0.057,0.267,0.49,3,0,638,2.21,1932488
Ryan Armour,USA,2018,70.758,3.66,283.5,187.0,68.22,60.13,0.337,0.213,-0.058,-0.012,0.194,0.395,3,1,1006,1.45,2485203
Jimmy Walker,USA,2018,70.786,3.62,299.0,256.0,61.9,59.09,0.357,0.304,0.324,-0.437,0.166,0.033,4,0,719,1.88,2027312
J.B. Holmes,USA,2018,70.789,3.59,306.1,174.0,65.26,57.14,0.549,0.159,-0.207,0.565,0.032,0.756,3,0,640,1.71,1595942
William McGirt,USA,2018,70.791,3.32,289.3,284.0,67.59,62.86,0.178,0.091,0.2,-0.306,0.194,-0.021,3,0,449,0.83,933327
Sam Saunders,USA,2018,70.794,4.01,302.8,159.0,65.02,55.79,0.226,-0.081,0.094,0.35,-0.138,0.132,4,0,420,0.89,981936
Kevin Tway,USA,2018,70.8,3.76,310.1,203.0,66.88,56.77,0.329,0.032,0.052,0.271,-0.026,0.277,3,0,577,1.2,1379544
Trey Mullinax,USA,2018,70.815,3.83,318.3,177.0,65.38,54.42,-0.072,-0.442,0.072,0.506,-0.207,-0.144,3,0,528,0.85,1184245
Kevin Chappell,USA,2018,70.839,3.78,308.6,118.0,66.52,56.28,0.323,0.296,-0.344,0.608,-0.236,0.668,4,0,597,2.17,1608338
Martin Laird,SCO,2018,70.839,3.89,299.0,147.0,65.9,59.15,0.47,0.024,0.282,-0.045,0.209,0.189,3,0,443,1.02,1017580
Patton Kizzire,USA,2018,70.841,3.78,298.7,242.0,69.04,55.24,-0.033,0.381,0.03,-0.294,-0.15,-0.063,4,2,1386,1.67,3541151
Aaron Baddeley,AUS,2018,70.85,3.33,295.3,291.0,63.39,61.09,0.309,0.117,-0.057,-0.345,0.595,0.366,1,0,342,0.64,725928
Denny McCarthy,USA,2018,70.861,3.49,295.4,172.0,68.17,59.83,0.094,-0.347,0.449,0.011,-0.019,-0.355,1,0,267,0.98,498341
Nick Watney,USA,2018,70.862,3.67,307.5,181.0,67.96,55.68,0.343,0.141,0.2,0.17,-0.167,0.143,1,0,491,1.32,1402833
Seamus Power,IRL,2018,70.869,3.64,302.6,216.0,65.17,63.8,0.178,-0.392,0.498,0.076,-0.003,-0.319,2,0,377,0.57,791018
Troy Merritt,USA,2018,70.888,3.71,295.4,181.0,65.16,57.6,0.209,0.086,0.077,0.138,-0.092,0.132,3,1,616,0.93,1326989
James Hahn,USA,2018,70.896,3.56,298.7,142.0,68.29,59.62,0.279,0.081,-0.152,0.323,0.028,0.431,1,0,596,1.35,1386301
Sam Ryder,USA,2018,70.914,3.84,297.3,109.0,72.08,56.47,0.154,0.399,-0.349,0.203,-0.099,0.503,3,0,442,0.89,1046166
J.T. Poston,USA,2018,70.915,3.79,300.7,155.0,68.31,57.53,0.138,-0.373,0.135,0.381,-0.005,0.003,2,0,448,0.59,940661
Keith Mitchell,USA,2018,70.92,4.09,312.6,145.0,69.42,56.55,-0.018,-0.128,-0.504,0.706,-0.092,0.486,4,0,659,1.2,1641260
Tom Hoge,USA,2018,70.945,3.81,291.4,229.0,63.62,61.41,0.074,0.297,-0.162,0.018,-0.079,0.235,3,0,594,0.8,1358542
Harold Varner III,USA,2018,70.971,3.45,308.2,149.0,67.79,58.14,0.125,-0.076,-0.024,0.204,0.021,0.149,3,0,474,0.99,1223064
Ben Martin,USA,2018,70.974,3.59,289.6,227.0,63.98,58.8,-0.001,0.119,0.118,-0.142,-0.096,-0.119,1,0,266,0.57,532936
Ryan Blaum,USA,2018,70.993,3.78,289.0,225.0,66.1,55.46,-0.033,-0.074,0.025,0.011,0.005,-0.058,2,0,433,0.65,980877
Graeme McDowell,NIR,2018,71.001,3.34,293.2,171.0,64.5,59.95,0.697,0.046,0.478,0.124,0.049,0.219,1,0,274,0.83,581024
Brice Garnett,USA,2018,71.018,3.48,296.7,150.0,66.78,58.63,-0.31,-0.144,-0.076,0.188,-0.278,-0.234,2,1,634,1.24,1466224
Brendan Steele,USA,2018,71.021,3.48,310.3,121.0,69.24,52.56,0.029,0.243,-0.576,0.557,-0.195,0.604,3,1,998,1.73,2291128
"Ted Potter, Jr.",USA,2018,71.024,3.57,286.0,201.0,63.03,57.51,-0.094,-0.2,0.074,-0.074,0.105,-0.169,1,1,744,1.54,1976198
Ryan Palmer,USA,2018,71.031,3.94,305.2,157.0,65.61,55.38,-0.231,0.236,-0.528,0.235,-0.174,0.297,3,0,500,1.47,1484445
Brian Stuard,USA,2018,71.038,3.41,278.9,198.0,67.12,59.23,0.062,0.099,0.164,-0.227,0.026,-0.101,3,0,421,0.69,1089763
Tyler Duncan,USA,2018,71.04,3.49,294.4,137.0,69.65,52.76,0.017,0.476,-0.566,0.273,-0.166,0.583,2,0,457,0.56,944021
Andrew Landry,USA,2018,71.059,3.5,291.1,224.0,65.63,56.97,-0.039,-0.083,-0.01,0.206,-0.152,-0.029,5,1,1116,1.84,2642179
Lucas Glover,USA,2018,71.066,3.48,297.7,129.0,67.12,59.83,0.276,-0.043,-0.186,0.514,-0.008,0.462,1,0,324,1.21,789382
Ben Crane,USA,2018,71.097,3.41,281.1,207.0,64.88,63.0,0.176,-0.038,0.332,-0.302,0.184,-0.157,1,0,267,0.53,620646
Harris English,USA,2018,71.162,3.6,302.4,179.0,63.32,57.86,-0.184,-0.297,0.222,-0.219,0.111,-0.406,2,0,383,0.63,799450
Richy Werenski,USA,2018,71.185,3.41,291.8,179.0,66.97,56.49,-0.124,-0.169,-0.109,0.077,0.077,-0.014,2,0,498,0.87,1081283
Shawn Stefani,USA,2018,71.192,3.64,299.6,223.0,67.49,58.43,0.107,0.22,-0.034,-0.093,0.013,0.141,1,0,268,0.54,523204
Danny Lee,NZL,2018,71.196,3.83,290.6,234.0,65.05,60.81,0.058,-0.155,0.156,0.005,0.051,-0.099,3,0,481,1.25,1269386
Tyrone Van Aswegen,RSA,2018,71.243,3.42,290.3,303.0,65.23,58.08,-0.323,-0.008,-0.01,-0.493,0.187,-0.313,1,0,364,0.44,763584
Tom Lovelady,USA,2018,71.252,3.91,315.9,183.0,67.08,52.08,-0.19,-0.24,-0.049,0.379,-0.279,-0.14,2,0,332,0.58,700783
Nick Taylor,CAN,2018,71.269,3.46,292.7,231.0,67.65,61.83,-0.235,0.011,-0.312,0.049,0.017,0.077,2,0,420,0.64,899373
Jhonattan Vegas,VEN,2018,71.275,3.43,303.6,176.0,65.17,58.6,0.03,-0.081,-0.059,0.294,-0.124,0.089,1,0,394,1.67,1137444
Ben Silverman,CAN,2018,71.281,3.7,290.2,190.0,64.95,57.36,-0.206,-0.385,0.238,0.069,-0.128,-0.444,2,0,323,0.75,793140
Jason Dufner,USA,2018,71.323,3.36,297.1,162.0,64.24,58.25,0.011,-0.009,-0.058,0.256,-0.178,0.068,2,0,557,1.96,1497655
David Hearn,CAN,2018,71.325,3.63,285.1,209.0,68.89,55.65,-0.031,0.379,-0.127,-0.17,-0.113,0.095,2,0,315,0.41,622383
Scott Brown,USA,2018,71.329,3.6,292.6,223.0,65.65,54.79,-0.661,-0.27,0.049,-0.265,-0.175,-0.71,2,0,422,0.8,1076678
Kelly Kraft,USA,2018,71.333,3.32,288.6,201.0,63.83,58.93,-0.32,0.017,0.075,-0.286,-0.126,-0.395,3,0,627,1.08,1496253
Nicholas Lindheim,USA,2018,71.344,3.68,293.5,232.0,68.04,53.9,-0.323,-0.368,0.355,-0.258,-0.052,-0.678,1,0,272,0.55,593842
Charl Schwartzel,RSA,2018,71.349,3.28,299.5,238.0,61.11,57.88,-0.195,-0.168,0.081,-0.035,-0.073,-0.276,3,0,528,2.16,1710179
Bud Cauley,USA,2018,71.356,3.66,295.4,206.0,64.26,60.12,0.461,-0.032,0.367,-0.113,0.239,0.094,2,0,405,0.93,900591
Si Woo Kim,KOR,2018,71.367,3.59,290.8,253.0,63.78,57.23,-0.092,-0.2,-0.168,-0.014,0.291,0.077,5,0,893,2.25,2276114
Robert Garrigus,USA,2018,71.457,3.76,307.9,178.0,65.28,56.84,-0.213,0.331,-0.569,0.21,-0.186,0.356,1,0,353,0.59,702030
Whee Kim,KOR,2018,71.477,3.62,285.8,283.0,63.55,58.56,-0.437,0.03,0.427,-0.748,-0.146,-0.864,3,0,764,1.37,1920340
Sean O'Hair,USA,2018,71.479,3.41,302.7,163.0,63.84,57.56,-0.233,-0.073,-0.207,0.211,-0.164,-0.026,2,0,417,1.19,1104865
Michael Kim,USA,2018,71.662,3.44,289.9,330.0,60.63,56.05,-1.003,-0.213,0.259,-1.023,-0.027,-1.262,1,1,675,0.78,1379736
Chad Campbell,USA,2018,71.683,3.08,286.5,225.0,65.54,59.39,-0.484,-0.01,-0.454,-0.042,0.023,-0.029,2,0,361,0.75,801960
Derek Fathauer,USA,2018,71.827,3.44,289.1,350.0,60.35,54.99,-0.807,-0.365,0.363,-0.757,-0.048,-1.17,1,0,316,0.47,708712
Martin Piller,USA,2018,71.929,3.49,292.2,269.0,60.39,57.74,-1.127,-0.811,0.119,-0.248,-0.186,-1.246,2,0,371,0.59,847304
Sung Kang,KOR,2018,71.954,3.44,293.1,278.0,63.2,52.4,-1.041,-0.094,-0.235,-0.488,-0.225,-0.806,2,0,480,1.11,1243309
Grayson Murray,USA,2018,72.091,3.96,307.3,184.0,62.5,54.32,-0.336,-0.347,-0.35,0.375,-0.015,0.014,2,0,438,0.94,1056628
Satoshi Kodaira,JPN,2018,72.182,2.98,293.6,157.0,60.3,51.02,-1.832,-0.284,-0.645,0.027,-0.93,-1.187,1,1,600,2.54,1471462
Rory McIlroy,NIR,2019,69.057,4.49,313.5,106.0,68.55,63.38,2.551,0.633,0.425,1.195,0.297,2.126,14,3,2315,9.68,7785286
Patrick Cantlay,USA,2019,69.306,4.4,304.7,181.0,67.21,66.12,1.857,0.64,0.386,0.475,0.356,1.471,9,1,1730,6.79,6121488
Webb Simpson,USA,2019,69.377,3.86,288.6,189.0,65.81,66.88,1.507,0.613,0.608,-0.007,0.294,0.899,6,0,1619,5.46,4690572
Brooks Koepka,USA,2019,69.395,4.28,309.0,112.0,69.97,62.25,1.366,0.636,0.226,0.468,0.036,1.14,9,3,2887,12.62,9684006
Justin Thomas,USA,2019,69.466,4.58,302.2,170.0,70.68,61.32,1.631,0.985,-0.186,0.479,0.352,1.817,7,1,1247,7.2,5013084
Jon Rahm,ESP,2019,69.618,4.35,305.6,115.0,69.04,59.63,1.505,0.405,0.336,0.692,0.073,1.17,12,1,1447,6.89,4990110
Adam Scott,AUS,2019,69.693,4.28,299.3,189.0,68.94,59.82,1.831,0.846,0.348,0.285,0.351,1.483,9,0,1124,5.49,4084541
Tommy Fleetwood,ENG,2019,69.729,3.53,298.7,132.0,66.93,67.98,1.279,0.235,0.169,0.545,0.329,1.11,6,0,1193,5.49,3853651
Paul Casey,ENG,2019,69.821,3.87,298.4,95.0,70.96,58.67,1.361,0.706,-0.092,0.614,0.133,1.453,7,1,1629,5.49,4257040
Justin Rose,ENG,2019,69.825,4.06,303.2,157.0,64.78,62.09,1.243,0.525,0.504,0.179,0.036,0.739,7,1,1423,7.6,4358849
Xander Schauffele,USA,2019,69.834,4.08,304.1,151.0,68.39,62.23,1.393,0.481,0.244,0.456,0.211,1.149,6,2,1858,6.1,5609456
Hideki Matsuyama,JPN,2019,69.841,4.3,303.0,145.0,69.38,64.12,1.498,0.759,0.011,0.381,0.347,1.487,7,0,969,3.6,3335137
Dustin Johnson,USA,2019,69.895,4.21,312.0,178.0,66.98,57.93,1.321,0.288,0.096,0.703,0.234,1.225,7,1,1686,8.81,5534619
Matt Kuchar,USA,2019,69.916,4.01,289.5,173.0,69.38,63.04,1.062,0.591,0.302,0.063,0.105,0.76,8,2,2313,4.87,6294690
Tony Finau,USA,2019,69.955,3.9,309.5,176.0,67.46,62.2,0.768,0.384,-0.103,0.439,0.048,0.871,6,0,1279,5.62,4344380
Rickie Fowler,USA,2019,69.955,4.04,303.1,152.0,67.76,60.77,1.066,0.158,0.541,0.247,0.12,0.525,6,1,1391,4.96,3945810
Lucas Glover,USA,2019,70.083,3.96,296.1,130.0,68.15,64.73,0.976,0.33,0.164,0.337,0.145,0.812,7,0,947,2.08,2613965
Henrik Stenson,SWE,2019,70.089,3.46,282.7,180.0,66.11,62.3,0.971,1.149,0.106,-0.293,0.01,0.866,3,0,523,3.11,1397370
Jim Furyk,USA,2019,70.09,3.46,275.0,189.0,69.28,64.1,0.897,0.741,0.113,-0.072,0.114,0.784,3,0,865,2.48,2669938
Bryson DeChambeau,USA,2019,70.177,4.17,302.5,100.0,66.2,62.33,1.013,0.236,0.372,0.421,-0.016,0.641,5,1,1203,6.04,3186232
Patrick Reed,USA,2019,70.208,3.98,296.8,202.0,66.22,62.99,0.876,0.138,0.261,0.145,0.332,0.615,5,1,774,5.1,3593844
Jason Day,AUS,2019,70.212,4.0,302.0,144.0,69.7,59.6,0.833,-0.083,0.356,0.535,0.025,0.477,6,0,865,3.88,2637480
Gary Woodland,USA,2019,70.229,4.38,308.2,92.0,69.05,57.48,0.882,0.545,-0.143,0.472,0.008,1.025,8,1,1795,5.08,5690965
Chez Reavie,USA,2019,70.247,4.01,287.0,159.0,67.93,59.7,0.824,0.625,0.062,0.254,-0.117,0.762,6,1,1309,3.59,3660909
Sungjae Im,KOR,2019,70.252,4.07,295.9,141.0,67.61,64.53,1.023,0.075,0.323,0.341,0.285,0.7,7,0,1097,2.25,2851134
Louis Oosthuizen,RSA,2019,70.259,3.92,296.3,118.0,66.84,60.47,0.777,0.208,0.169,0.13,0.27,0.608,5,0,754,4.11,2539183
Sergio Garcia,ESP,2019,70.321,3.55,302.5,181.0,63.26,55.33,0.746,0.525,-0.078,0.35,-0.051,0.824,5,0,637,2.71,1793027
Scott Piercy,USA,2019,70.333,4.01,292.4,141.0,70.09,63.93,0.631,0.147,0.146,0.27,0.067,0.485,6,0,1025,1.91,2679915
Rory Sabbatini,SVK,2019,70.409,4.03,289.4,178.0,66.91,63.9,0.82,0.103,0.154,0.3,0.263,0.667,6,0,895,1.88,2382298
Kevin Kisner,USA,2019,70.416,3.67,286.4,175.0,66.99,61.06,0.671,0.257,0.45,0.149,-0.186,0.221,5,1,1098,3.58,3489144
Jason Kokrak,USA,2019,70.431,4.04,306.4,107.0,68.77,60.67,1.036,0.745,-0.018,0.55,-0.241,1.054,5,0,854,2.28,2330212
Marc Leishman,AUS,2019,70.434,3.89,296.2,218.0,67.21,64.0,0.833,0.472,0.302,-0.077,0.135,0.531,7,1,1415,3.81,3886577
Daniel Berger,USA,2019,70.443,3.73,301.0,103.0,65.15,61.84,0.28,0.007,-0.043,0.344,-0.029,0.322,1,0,361,1.21,742340
Vaughn Taylor,USA,2019,70.45,4.04,282.9,194.0,66.85,63.54,0.732,0.269,0.636,-0.205,0.032,0.096,4,0,641,1.4,1723910
Jordan Spieth,USA,2019,70.453,4.25,295.2,269.0,62.8,62.0,0.459,-0.198,0.862,-0.452,0.246,-0.403,4,0,605,3.01,2124192
Byeong Hun An,KOR,2019,70.48,3.97,307.1,170.0,67.75,59.28,0.819,0.42,-0.583,0.351,0.631,1.402,3,0,710,2.46,1990033
Charles Howell III,USA,2019,70.483,3.85,302.8,120.0,70.51,62.94,0.809,-0.072,0.291,0.262,0.328,0.518,5,1,1279,2.13,3039049
Ian Poulter,ENG,2019,70.502,4.1,291.5,193.0,66.86,59.83,0.764,0.15,0.425,-0.078,0.267,0.339,6,0,690,3.03,2162306
Brandt Snedeker,USA,2019,70.52,3.74,287.2,237.0,64.93,63.04,0.962,0.083,0.592,-0.193,0.48,0.37,6,0,934,2.89,3122936
Russell Knox,SCO,2019,70.521,3.61,289.2,194.0,69.06,62.09,0.55,0.585,-0.176,0.013,0.129,0.726,2,0,452,1.72,1132825
Adam Hadwin,CAN,2019,70.545,3.98,291.2,151.0,67.55,57.62,0.343,0.008,0.252,0.31,-0.227,0.091,5,0,818,1.96,2039012
Denny McCarthy,USA,2019,70.546,4.25,290.8,178.0,65.98,64.31,0.687,-0.448,0.926,0.061,0.149,-0.239,2,0,443,0.99,925156
Bud Cauley,USA,2019,70.574,4.07,293.4,182.0,67.21,64.05,0.558,0.196,-0.052,-0.163,0.577,0.61,2,0,482,1.01,1090018
Abraham Ancer,MEX,2019,70.58,3.89,293.3,113.0,66.79,61.98,0.515,0.011,-0.065,0.575,-0.005,0.58,4,0,622,2.92,2688625
Tyrrell Hatton,ENG,2019,70.585,3.74,296.6,157.0,66.28,54.55,0.489,0.218,-0.192,0.176,0.286,0.681,3,0,555,2.6,1517396
Graeme McDowell,NIR,2019,70.591,3.54,285.9,257.0,64.79,62.22,0.385,-0.016,0.731,-0.426,0.096,-0.346,3,1,729,1.39,1671523
Wyndham Clark,USA,2019,70.595,4.21,311.8,175.0,65.95,61.23,0.413,-0.572,0.64,0.084,0.261,-0.227,3,0,491,1.03,1278721
Joaquin Niemann,CHI,2019,70.621,3.7,301.5,149.0,68.06,60.33,0.67,0.484,-0.17,0.338,0.018,0.84,4,0,566,1.73,1434519
Talor Gooch,USA,2019,70.629,3.96,297.4,213.0,69.96,60.27,0.37,0.604,0.111,-0.24,-0.104,0.259,2,0,463,0.88,1067089
J.T. Poston,USA,2019,70.633,3.91,293.8,185.0,66.84,62.83,0.506,0.223,0.212,0.032,0.038,0.294,3,1,1015,1.91,2461215
Billy Horschel,USA,2019,70.644,3.61,291.8,182.0,67.63,61.38,0.829,0.147,0.522,0.145,0.014,0.307,4,0,835,2.96,2187249
Andrew Putnam,USA,2019,70.644,4.16,281.5,300.0,65.94,59.23,0.536,0.414,0.7,-0.639,0.061,-0.164,3,0,873,2.68,2439137
Michael Thompson,USA,2019,70.662,3.82,288.4,165.0,65.73,62.79,0.426,0.018,0.339,-0.045,0.113,0.087,4,0,527,1.09,1307816
Ryan Palmer,USA,2019,70.679,4.21,298.6,180.0,68.35,59.31,0.475,0.395,0.041,0.255,-0.216,0.434,6,1,1088,1.86,2873316
Nate Lashley,USA,2019,70.692,3.88,289.6,196.0,67.48,62.06,0.523,0.487,0.304,-0.247,-0.021,0.219,2,1,836,1.54,2030287
Nick Taylor,CAN,2019,70.697,3.76,292.1,220.0,67.26,60.77,0.452,-0.051,0.33,0.135,0.038,0.122,1,0,408,0.67,892663
Bubba Watson,USA,2019,70.71,3.71,311.6,159.0,66.76,57.35,0.281,-0.052,-0.344,0.743,-0.067,0.624,3,0,572,3.71,1558014
Harold Varner III,USA,2019,70.716,3.82,302.0,172.0,67.21,60.33,0.227,0.093,-0.202,0.26,0.076,0.429,3,0,458,1.33,1553149
Dylan Frittelli,RSA,2019,70.737,3.62,296.5,164.0,68.24,62.63,0.439,0.186,-0.169,0.272,0.149,0.608,1,1,735,1.47,1576974
Aaron Wise,USA,2019,70.739,4.42,302.6,140.0,68.6,52.05,0.329,-0.085,-0.146,0.533,0.026,0.475,1,0,400,1.77,1052507
Peter Malnati,USA,2019,70.762,3.86,292.2,289.0,63.99,62.64,0.379,0.225,0.467,-0.41,0.097,-0.088,1,0,423,0.77,864496
Kevin Streelman,USA,2019,70.763,3.77,291.8,142.0,69.75,59.86,0.669,0.479,-0.251,0.383,0.058,0.919,4,0,609,1.45,1588881
Jhonattan Vegas,VEN,2019,70.765,3.97,308.3,158.0,69.29,57.54,0.626,0.219,-0.156,0.753,-0.19,0.782,3,0,538,1.3,1566910
Corey Conners,CAN,2019,70.775,3.79,297.3,108.0,73.06,56.12,0.62,0.665,-0.576,0.653,-0.123,1.196,4,1,962,1.91,2919864
Rafa Cabrera Bello,ESP,2019,70.78,4.0,289.6,201.0,62.99,59.16,0.419,0.089,0.043,0.18,0.107,0.376,2,0,696,2.8,1926935
Aaron Baddeley,AUS,2019,70.783,3.78,286.3,319.0,63.33,65.84,0.313,-0.34,0.654,-0.46,0.46,-0.34,3,0,428,0.79,904982
Cameron Tringale,USA,2019,70.796,4.14,296.9,194.0,69.66,61.13,0.546,0.327,0.204,-0.108,0.123,0.342,2,0,459,0.59,1049106
Matt Jones,AUS,2019,70.81,3.71,294.1,192.0,66.6,64.55,0.628,-0.148,0.12,0.304,0.352,0.508,2,0,423,0.92,1024852
Emiliano Grillo,ARG,2019,70.814,3.76,295.7,112.0,68.73,55.13,0.418,0.926,-0.633,0.47,-0.345,1.051,2,0,673,1.98,1752114
Cameron Smith,AUS,2019,70.814,3.7,294.2,233.0,63.66,60.74,0.324,0.004,0.157,-0.123,0.286,0.167,3,0,547,2.6,1504820
Adam Schenk,USA,2019,70.817,3.97,300.8,162.0,68.61,60.71,0.487,0.142,0.341,0.08,-0.075,0.146,3,0,524,0.78,1257158
Danny Willett,ENG,2019,70.828,3.63,293.8,236.0,66.23,58.75,0.383,0.25,-0.13,0.108,0.154,0.513,2,0,432,2.17,1286737
Johnson Wagner,USA,2019,70.847,4.0,283.4,212.0,71.55,57.91,0.005,-0.015,0.488,-0.2,-0.268,-0.483,1,0,312,0.6,597792
Keegan Bradley,USA,2019,70.849,3.68,298.5,111.0,68.5,59.14,0.147,0.567,-0.516,0.238,-0.142,0.663,3,0,700,2.88,1902797
Martin Laird,SCO,2019,70.866,3.59,298.9,141.0,69.86,61.06,0.223,0.075,0.019,0.1,0.029,0.204,4,0,401,0.74,863054
Russell Henley,USA,2019,70.874,3.64,287.7,168.0,68.1,62.69,0.167,0.334,-0.299,0.137,-0.005,0.466,1,0,534,1.07,1133773
Jonas Blixt,SWE,2019,70.875,3.7,289.4,206.0,65.13,59.75,0.122,-0.039,0.13,-0.003,0.034,-0.008,1,0,392,0.71,838271
Ryan Armour,USA,2019,70.888,3.76,277.9,188.0,67.57,63.87,0.19,-0.002,0.19,-0.103,0.106,0.001,1,0,434,1.0,955468
Mackenzie Hughes,CAN,2019,70.907,3.71,297.2,222.0,65.28,61.05,-0.044,0.032,-0.014,-0.068,0.006,-0.03,2,0,466,0.84,1022081
Sebastián Muñoz,COL,2019,70.907,4.04,298.8,194.0,68.26,58.21,0.343,0.054,0.076,-0.048,0.261,0.268,3,0,383,0.83,946666
Nick Watney,USA,2019,70.908,3.96,301.7,182.0,68.61,59.49,0.133,0.071,0.012,0.01,0.04,0.121,3,0,460,1.07,1008964
Kiradech Aphibarnrat,THA,2019,70.911,3.52,292.4,187.0,61.65,64.02,0.083,-0.433,0.337,-0.015,0.194,-0.254,3,0,558,1.95,1630073
Sam Ryder,USA,2019,70.912,3.97,293.9,171.0,67.98,62.89,0.462,0.158,0.427,0.038,-0.161,0.035,2,0,458,0.8,1060735
Joel Dahmen,USA,2019,70.932,3.89,292.4,130.0,66.72,57.39,0.085,0.141,-0.102,0.249,-0.204,0.187,2,0,716,1.54,1949958
Troy Merritt,USA,2019,70.95,4.25,293.3,152.0,68.85,58.77,0.421,0.366,0.085,-0.054,0.041,0.336,4,0,569,1.34,1531143
Shawn Stefani,USA,2019,70.958,3.87,295.9,182.0,69.96,61.56,0.093,0.421,-0.159,-0.303,0.133,0.252,2,0,374,0.59,798831
Scott Brown,USA,2019,70.96,3.59,288.6,206.0,66.53,60.73,-0.004,-0.083,0.073,0.199,-0.194,-0.077,4,0,433,0.6,999457
Si Woo Kim,KOR,2019,70.963,4.12,292.4,192.0,64.91,63.51,0.134,-0.177,-0.06,0.066,0.305,0.194,5,0,832,1.96,2191808
C.T. Pan,TPE,2019,70.966,3.49,285.0,234.0,64.16,63.71,0.059,0.054,-0.062,-0.114,0.18,0.12,2,1,900,2.39,2362399
Francesco Molinari,ITA,2019,70.974,3.2,288.7,191.0,63.58,62.99,0.038,0.04,-0.211,0.105,0.105,0.25,3,1,1054,6.04,3467143
Ryan Moore,USA,2019,70.974,3.91,282.2,179.0,68.17,59.2,0.826,0.596,0.062,0.114,0.055,0.765,2,0,690,1.74,1838788
Josh Teater,USA,2019,70.983,3.91,292.0,190.0,70.48,59.27,0.262,0.361,-0.017,0.081,-0.162,0.279,2,0,296,0.67,663570
Sepp Straka,AUT,2019,70.987,4.19,304.4,96.0,69.06,54.61,0.552,0.309,0.056,0.378,-0.191,0.496,1,0,432,0.88,934894
Sam Burns,USA,2019,70.995,3.72,307.2,178.0,64.74,59.6,0.05,-0.293,0.369,0.277,-0.304,-0.32,3,0,493,1.14,1117312
Danny Lee,NZL,2019,70.997,3.91,301.4,207.0,66.74,58.97,-0.137,0.156,-0.24,0.085,-0.139,0.102,3,0,625,1.1,1524126
Brian Stuard,USA,2019,70.999,3.69,276.6,193.0,64.89,64.31,0.393,0.266,0.176,-0.239,0.19,0.217,3,0,547,0.99,1320637
Hank Lebioda,USA,2019,71.002,4.13,294.0,152.0,69.21,56.44,0.167,0.281,-0.28,0.085,0.081,0.447,1,0,291,0.5,656802
Brian Harman,USA,2019,71.016,3.52,288.4,172.0,64.17,60.1,0.346,-0.301,0.09,0.312,0.245,0.256,4,0,509,1.46,1342778
Kevin Tway,USA,2019,71.02,3.56,303.8,201.0,67.01,61.05,0.143,0.124,-0.131,-0.099,0.249,0.274,2,1,863,1.54,2300050
Keith Mitchell,USA,2019,71.021,3.88,303.2,153.0,67.34,57.17,0.254,0.037,-0.338,0.657,-0.102,0.592,3,1,884,1.86,2405360
Dominic Bozzelli,USA,2019,71.023,4.16,296.4,204.0,66.92,58.65,-0.15,-0.766,0.847,-0.236,0.005,-0.997,2,0,316,0.43,668449
Roger Sloan,CAN,2019,71.034,3.9,295.8,186.0,65.08,58.9,0.02,0.096,0.101,-0.072,-0.105,-0.081,3,0,489,0.79,1015661
J.J. Spaun,USA,2019,71.034,3.82,290.4,200.0,68.36,59.53,0.03,0.094,-0.021,-0.046,0.003,0.051,2,0,479,0.93,1205977
Bill Haas,USA,2019,71.056,3.57,291.5,230.0,64.65,61.73,0.153,-0.169,0.055,-0.083,0.35,0.098,2,0,312,0.51,730806
Pat Perez,USA,2019,71.059,3.77,286.1,226.0,65.32,61.76,0.288,-0.085,0.535,-0.498,0.335,-0.248,3,0,376,0.99,1103241
Brice Garnett,USA,2019,71.067,3.76,287.4,161.0,69.54,58.15,-0.034,-0.253,0.091,0.281,-0.153,-0.125,2,0,466,0.95,1019594
Carlos Ortiz,MEX,2019,71.069,3.52,301.0,142.0,67.82,58.95,0.125,-0.072,0.079,0.177,-0.06,0.046,3,0,428,0.74,1073962
Kyle Stanley,USA,2019,71.094,3.41,288.9,160.0,67.47,58.65,-0.013,0.309,-0.297,0.037,-0.062,0.285,1,0,460,1.97,1117604
Sung Kang,KOR,2019,71.101,3.65,300.5,166.0,66.14,59.96,0.03,0.036,-0.088,0.165,-0.083,0.118,4,1,986,1.79,2801650
Richy Werenski,USA,2019,71.104,3.66,293.6,217.0,65.93,60.31,-0.147,-0.163,0.074,0.057,-0.114,-0.221,1,0,374,0.7,851329
Max Homa,USA,2019,71.11,3.54,300.2,208.0,65.14,58.37,0.082,0.179,-0.006,0.213,-0.304,0.087,2,1,742,1.43,2063606
Roberto Castro,USA,2019,71.127,3.71,283.8,207.0,68.44,62.35,0.009,0.432,-0.079,-0.382,0.039,0.088,2,0,312,0.52,674250
Kevin Na,USA,2019,71.144,3.42,289.6,204.0,64.44,58.85,0.087,-0.076,0.089,-0.282,0.355,-0.002,3,1,815,3.0,2257309
Austin Cook,USA,2019,71.201,3.94,291.0,129.0,65.71,56.96,-0.319,-0.095,-0.088,0.236,-0.372,-0.232,2,0,364,0.88,837788
Luke List,USA,2019,71.223,3.73,313.3,185.0,65.43,54.59,0.202,-0.005,-0.28,0.481,0.006,0.482,4,0,497,1.59,1391408
Wes Roach,USA,2019,71.228,3.65,294.1,147.0,67.64,62.94,0.165,-0.11,0.0,0.079,0.197,0.166,2,0,345,0.7,860264
Andrew Landry,USA,2019,71.265,3.84,286.8,165.0,67.12,60.27,-0.011,0.2,-0.153,0.185,-0.244,0.142,1,0,388,1.07,887405
Patton Kizzire,USA,2019,71.292,3.61,294.9,210.0,63.96,57.92,-0.098,-0.132,0.642,-0.489,-0.12,-0.74,1,0,406,1.0,995341
Bronson Burgoon,USA,2019,71.295,3.76,296.1,126.0,67.98,56.78,-0.344,-0.033,-0.291,0.054,-0.074,-0.053,2,0,343,0.92,814673
Ryan Blaum,USA,2019,71.302,3.77,289.2,234.0,64.97,60.54,-0.145,-0.292,0.194,-0.052,0.006,-0.338,1,0,323,0.49,755802
K.H. Lee,KOR,2019,71.307,3.73,286.2,216.0,67.66,57.67,-0.107,-0.011,-0.096,0.125,-0.124,-0.011,2,0,453,0.68,1061457
Phil Mickelson,USA,2019,71.331,3.92,306.3,204.0,64.17,54.26,-0.438,-0.065,-0.16,-0.307,0.094,-0.278,2,1,903,2.87,2440221
Jason Dufner,USA,2019,71.336,3.68,290.1,160.0,70.76,54.88,-0.015,0.091,-0.494,0.264,0.124,0.479,2,0,327,0.99,926365
Brian Gay,USA,2019,71.356,3.52,274.9,198.0,64.36,61.65,-0.278,-0.392,0.335,-0.286,0.065,-0.613,2,0,415,0.84,1029440
Charley Hoffman,USA,2019,71.361,3.49,295.6,237.0,66.51,54.27,0.057,0.396,-0.158,0.049,-0.23,0.216,2,0,567,1.41,1468855
Patrick Rodgers,USA,2019,71.365,3.67,299.8,213.0,64.71,57.1,0.231,-0.383,0.428,0.157,0.029,-0.197,1,0,459,0.72,1046838
Cameron Champ,USA,2019,71.393,4.12,317.9,176.0,69.3,52.14,-0.374,-0.335,-0.099,0.657,-0.597,-0.276,3,1,639,0.99,1695748
Branden Grace,RSA,2019,71.421,3.4,295.1,252.0,66.09,55.18,-0.107,0.11,-0.52,0.024,0.278,0.413,2,0,495,1.75,1373185
Scott Stallings,USA,2019,71.443,3.78,297.0,214.0,66.74,58.46,-0.078,0.259,-0.329,0.009,-0.017,0.251,2,0,452,0.92,1080451
Chesson Hadley,USA,2019,71.453,3.46,297.6,200.0,64.64,59.66,-0.128,0.231,0.23,-0.336,-0.252,-0.357,3,0,532,1.23,1405632
Adam Long,USA,2019,71.464,3.22,292.0,158.0,65.28,58.74,-0.418,0.138,-0.369,-0.036,-0.151,-0.049,2,1,719,1.2,1648007
Peter Uihlein,USA,2019,71.512,3.77,297.5,251.0,66.03,58.7,-0.181,-0.168,0.345,-0.442,0.085,-0.526,2,0,353,0.9,842991
Kelly Kraft,USA,2019,71.529,3.64,290.2,235.0,62.41,56.57,-0.715,-0.189,0.054,-0.307,-0.273,-0.769,3,0,399,0.96,905681
Robert Streb,USA,2019,71.629,3.43,288.7,260.0,66.13,60.36,-0.424,-0.053,-0.237,-0.256,0.122,-0.187,2,0,372,0.81,796525
Chris Stroud,USA,2019,71.644,3.44,289.8,279.0,62.99,59.81,-0.729,-0.229,0.022,-0.557,0.035,-0.752,4,0,473,0.8,1075552
J.B. Holmes,USA,2019,71.735,3.76,306.7,185.0,65.57,57.5,-0.45,0.079,-0.752,0.21,0.012,0.302,2,1,815,2.08,2147065
Jim Herman,USA,2019,71.75,3.58,288.3,161.0,66.2,55.48,-0.386,-0.11,-0.154,0.203,-0.325,-0.232,1,1,321,0.66,678185
Seamus Power,IRL,2019,72.026,3.22,295.9,252.0,62.19,61.02,-0.719,-0.676,0.057,-0.247,0.147,-0.776,2,0,308,0.52,773976
"Ted Potter, Jr.",USA,2019,72.214,3.82,281.4,263.0,66.35,54.42,-0.944,-0.14,-0.216,-0.253,-0.335,-0.727,1,0,291,0.8,757721
Martin Trainer,FRA,2019,72.343,3.44,303.8,211.0,60.47,56.68,-1.431,-1.378,-0.041,-0.075,0.063,-1.39,1,1,354,0.77,692155
Webb Simpson,USA,2020,68.978,4.67,296.2,125.0,70.83,64.47,1.597,0.64,0.589,0.123,0.244,1.007,8,2,1878,7.04,5097742
Jon Rahm,ESP,2020,69.127,4.22,307.6,78.0,70.31,64.52,1.823,0.283,0.479,0.756,0.304,1.344,8,2,1295,9.97,5959819
Justin Thomas,USA,2020,69.128,4.55,304.2,179.0,69.61,63.16,1.709,0.997,-0.031,0.405,0.339,1.741,10,3,2458,8.63,7344040
Rory McIlroy,NIR,2020,69.219,4.2,314.0,159.0,67.78,60.63,1.243,0.504,-0.071,0.702,0.108,1.314,7,1,1327,7.9,4408415
Xander Schauffele,USA,2020,69.227,4.24,305.4,128.0,70.87,66.49,1.605,0.366,0.366,0.648,0.225,1.239,7,0,1258,6.4,3813636
Daniel Berger,USA,2020,69.237,4.38,300.2,119.0,66.93,67.45,1.56,0.396,0.526,0.366,0.271,1.034,7,1,1347,5.01,4439420
Bryson DeChambeau,USA,2020,69.241,4.42,322.1,141.0,68.46,63.92,1.566,-0.09,0.658,1.039,-0.041,0.908,9,1,1657,5.99,4998495
Dustin Johnson,USA,2020,69.323,4.35,311.0,128.0,69.27,60.52,1.409,0.524,0.271,0.612,0.002,1.138,7,3,1071,10.28,5837267
Harris English,USA,2020,69.496,4.03,300.9,142.0,70.91,65.33,1.467,0.454,0.518,0.215,0.279,0.948,6,0,867,2.43,3299366
Tyrrell Hatton,ENG,2020,69.507,4.55,301.6,133.0,69.31,58.62,1.431,0.694,0.365,0.188,0.184,1.066,6,1,1025,4.85,3434867
Patrick Reed,USA,2020,69.586,4.23,296.0,264.0,65.32,63.64,1.295,0.102,0.599,0.278,0.316,0.696,8,1,1426,5.86,4250060
Scottie Scheffler,USA,2020,69.709,4.35,308.9,100.0,69.04,60.61,1.078,0.398,-0.053,0.618,0.115,1.131,7,0,900,3.55,2833438
Patrick Cantlay,USA,2020,69.764,4.15,303.1,154.0,68.36,59.54,1.316,0.523,0.219,0.404,0.17,1.097,3,0,745,5.24,2118336
Hideki Matsuyama,JPN,2020,69.766,4.04,304.4,183.0,68.54,63.72,0.964,0.69,-0.469,0.285,0.458,1.433,5,0,1030,4.21,3665825
Collin Morikawa,USA,2020,69.856,4.05,297.3,128.0,69.03,59.42,1.231,0.884,-0.099,0.44,0.005,1.33,7,2,1902,7.72,5250868
Abraham Ancer,MEX,2020,69.892,3.8,297.5,137.0,66.97,64.77,0.897,0.335,0.328,0.328,-0.093,0.569,4,0,1099,3.92,2903306
Gary Woodland,USA,2020,69.93,4.06,305.4,132.0,68.19,60.0,0.783,0.601,0.34,0.052,-0.21,0.443,6,0,741,3.89,2195131
Adam Scott,AUS,2020,69.977,3.79,308.1,180.0,68.13,60.09,0.905,0.268,0.269,-0.056,0.424,0.636,1,1,726,5.32,2272434
Sungjae Im,KOR,2020,69.987,4.15,300.5,111.0,67.08,62.12,0.784,0.106,0.233,0.437,0.007,0.551,7,1,1633,3.9,4337811
Tony Finau,USA,2020,69.992,4.19,309.8,197.0,68.83,60.89,1.243,0.497,0.14,0.341,0.266,1.103,7,0,907,4.65,2932286
Brian Harman,USA,2020,70.041,3.97,293.0,191.0,65.67,64.94,0.767,-0.018,0.308,0.115,0.362,0.459,1,0,480,1.46,1482583
Viktor Hovland,NOR,2020,70.06,3.97,299.3,131.0,68.47,56.67,0.789,0.633,-0.048,0.447,-0.243,0.837,3,1,842,3.4,1982275
Matt Fitzpatrick,ENG,2020,70.07,3.67,294.7,159.0,66.05,58.79,1.067,0.094,0.88,0.206,-0.113,0.187,5,0,602,4.3,2109709
Alex Noren,SWE,2020,70.127,3.88,296.0,239.0,64.78,63.66,0.651,0.039,0.4,-0.231,0.443,0.252,4,0,428,1.56,1274003
Ian Poulter,ENG,2020,70.14,3.71,286.8,278.0,62.62,62.23,0.689,0.137,0.687,-0.188,0.053,0.002,1,0,392,2.13,1034334
Brendon Todd,USA,2020,70.151,3.91,282.7,191.0,65.5,66.1,0.397,-0.119,0.498,-0.073,0.092,-0.101,4,2,1316,2.74,3390258
Russell Henley,USA,2020,70.157,3.6,290.1,185.0,71.69,65.42,0.853,0.867,-0.188,-0.049,0.224,1.041,4,0,352,1.32,1195378
Jason Day,AUS,2020,70.163,3.75,299.7,231.0,64.78,62.8,0.843,-0.151,0.216,0.146,0.632,0.628,5,0,653,2.89,1943898
Ryan Palmer,USA,2020,70.196,3.99,299.3,178.0,65.93,59.95,0.387,0.362,-0.272,0.28,0.017,0.659,5,0,838,3.0,2724926
Billy Horschel,USA,2020,70.209,3.92,299.3,136.0,66.17,56.34,0.771,-0.033,0.423,0.286,0.095,0.348,6,0,893,3.18,2383908
Tommy Fleetwood,ENG,2020,70.259,3.88,309.6,96.0,67.22,56.36,0.556,-0.378,0.437,0.389,0.107,0.119,1,0,380,4.53,1025676
Shane Lowry,IRL,2020,70.265,3.66,299.4,163.0,69.44,62.4,0.322,0.354,-0.356,0.203,0.122,0.678,1,0,283,3.58,781326
Harold Varner III,USA,2020,70.297,4.01,301.9,128.0,70.57,58.93,0.93,0.442,-0.215,0.458,0.244,1.145,1,0,457,1.4,1060152
Brendan Steele,USA,2020,70.302,3.86,303.6,142.0,68.14,58.31,0.708,0.539,0.126,0.081,-0.038,0.582,3,0,669,1.52,1739131
Bud Cauley,USA,2020,70.308,3.34,290.5,268.0,65.57,64.29,0.638,0.322,0.052,-0.116,0.38,0.586,2,0,443,1.22,1042100
Bubba Watson,USA,2020,70.308,3.67,311.0,145.0,67.68,58.07,0.711,0.208,0.064,0.649,-0.209,0.648,3,0,489,2.08,1565323
Matt Kuchar,USA,2020,70.312,3.79,282.9,213.0,64.98,60.91,0.677,0.014,0.687,-0.039,0.015,-0.01,1,0,502,3.87,1515585
Kevin Kisner,USA,2020,70.36,3.79,289.2,193.0,65.37,63.96,0.757,0.234,0.559,0.058,-0.093,0.199,4,0,710,3.45,2266752
Joaquin Niemann,CHI,2020,70.364,3.92,301.7,205.0,69.3,57.86,0.502,0.562,-0.242,0.37,-0.188,0.744,4,1,878,2.35,2914136
Paul Casey,ENG,2020,70.373,3.64,307.2,75.0,70.63,60.14,0.431,0.631,-0.383,0.546,-0.363,0.814,1,0,559,4.13,1868952
Zach Johnson,USA,2020,70.388,3.77,285.9,235.0,68.03,62.11,0.466,0.287,0.369,-0.092,-0.098,0.097,1,0,337,0.95,777727
Adam Long,USA,2020,70.41,3.78,292.0,211.0,67.74,60.67,0.533,0.358,0.226,0.004,-0.055,0.307,3,0,912,1.82,2186913
Mark Hubbard,USA,2020,70.414,3.74,290.1,213.0,66.67,60.85,0.508,0.204,0.413,-0.044,-0.065,0.095,3,0,701,1.27,1840473
Joel Dahmen,USA,2020,70.415,3.68,295.4,153.0,63.85,60.51,0.588,0.336,-0.063,0.356,-0.04,0.652,5,0,720,2.11,2120973
J.T. Poston,USA,2020,70.429,3.88,290.2,202.0,64.74,60.4,0.431,-0.366,0.572,0.13,0.095,-0.141,2,0,516,1.93,1282929
Corey Conners,CAN,2020,70.43,3.73,298.7,102.0,71.55,56.2,0.405,0.582,-0.603,0.6,-0.175,1.007,1,0,535,1.97,1498121
Kevin Na,USA,2020,70.43,3.8,286.9,232.0,63.22,65.96,0.691,0.267,0.693,-0.41,0.14,-0.002,4,1,1036,3.03,2794402
Lanto Griffin,USA,2020,70.451,3.87,302.5,187.0,65.52,63.4,0.64,0.152,0.336,0.076,0.077,0.304,4,1,1159,1.96,3188586
Denny McCarthy,USA,2020,70.454,4.22,293.8,210.0,67.46,56.98,0.469,-0.243,0.988,-0.139,-0.137,-0.518,4,0,489,0.94,1178557
Doc Redman,USA,2020,70.477,3.94,297.4,108.0,70.8,57.54,0.594,0.584,-0.004,0.346,-0.332,0.598,1,0,514,1.52,1129549
Sebastián Muñoz,COL,2020,70.485,4.05,302.3,138.0,66.34,62.48,0.691,0.308,0.055,0.218,0.11,0.636,5,1,1045,1.86,2864142
Louis Oosthuizen,RSA,2020,70.493,3.58,300.1,164.0,65.28,58.0,-0.06,-0.126,0.258,0.075,-0.268,-0.318,2,0,354,3.9,1312138
Rickie Fowler,USA,2020,70.499,3.93,294.9,154.0,66.54,60.38,0.71,0.099,0.217,0.172,0.222,0.493,2,0,381,2.85,947309
Carlos Ortiz,MEX,2020,70.528,3.71,300.3,233.0,66.74,62.65,0.458,0.122,0.095,-0.087,0.327,0.363,3,0,630,1.14,1631474
Cameron Tringale,USA,2020,70.534,3.89,301.9,221.0,69.66,64.24,0.788,0.632,0.086,-0.125,0.195,0.702,1,0,381,0.95,911172
Talor Gooch,USA,2020,70.535,3.83,298.2,212.0,67.07,57.32,0.423,0.113,0.313,-0.019,0.016,0.11,2,0,508,1.19,1398171
Brooks Koepka,USA,2020,70.546,3.9,307.0,201.0,66.81,51.46,0.42,0.322,-0.236,0.362,-0.028,0.656,2,0,360,6.1,1123227
Byeong Hun An,KOR,2020,70.568,3.83,305.7,197.0,65.78,60.61,0.055,0.256,-0.525,-0.05,0.373,0.58,5,0,765,2.21,2283951
Richy Werenski,USA,2020,70.573,3.89,298.1,221.0,66.67,59.52,0.484,0.038,0.485,-0.13,0.091,-0.001,3,1,703,1.28,1716407
Sergio Garcia,ESP,2020,70.574,3.84,305.8,120.0,68.31,59.36,0.583,0.181,-0.754,0.848,0.308,1.336,1,0,241,2.47,658935
Mackenzie Hughes,CAN,2020,70.589,3.71,298.7,240.0,63.41,60.52,0.392,-0.39,0.681,-0.352,0.454,-0.289,4,0,597,2.22,2079951
Justin Rose,ENG,2020,70.589,4.0,299.6,171.0,63.16,57.54,0.318,0.233,-0.025,0.218,-0.108,0.343,2,0,313,4.21,965656
Tom Hoge,USA,2020,70.605,3.77,290.4,245.0,65.62,60.48,0.401,0.389,0.046,0.062,-0.095,0.355,3,0,716,1.16,1857073
Nick Taylor,CAN,2020,70.607,3.56,296.6,147.0,66.95,56.98,0.073,0.052,-0.043,0.094,-0.03,0.116,2,1,720,1.41,1897539
Danny Lee,NZL,2020,70.609,4.06,302.0,193.0,65.62,59.72,-0.088,0.238,-0.195,0.165,-0.296,0.107,3,0,588,1.5,2043764
Adam Hadwin,CAN,2020,70.61,3.65,294.0,167.0,68.29,58.49,0.573,0.262,0.185,-0.004,0.13,0.389,3,0,654,2.05,1710808
Jason Kokrak,USA,2020,70.617,3.66,312.4,145.0,68.64,59.14,0.293,0.168,-0.282,0.633,-0.227,0.574,3,0,376,2.25,1494604
Dylan Frittelli,RSA,2020,70.63,3.76,291.3,234.0,65.79,61.78,0.245,0.043,-0.111,0.046,0.267,0.356,3,0,604,1.53,1507497
Cam Davis,AUS,2020,70.639,4.14,308.0,142.0,69.25,61.06,0.56,0.213,0.005,0.211,0.131,0.556,2,0,374,0.84,857225
Cameron Smith,AUS,2020,70.643,3.86,299.8,240.0,64.06,59.18,0.146,0.02,0.28,-0.245,0.091,-0.134,2,1,807,2.37,2372487
Ryan Moore,USA,2020,70.707,3.89,289.9,168.0,68.56,59.04,0.559,0.37,0.033,0.291,-0.136,0.526,2,0,360,1.23,957540
Charles Howell III,USA,2020,70.716,3.67,301.1,228.0,68.76,57.47,0.177,-0.3,0.217,-0.132,0.392,-0.04,3,0,492,1.63,1371807
Matthew Wolff,USA,2020,70.726,3.86,311.6,129.0,66.82,57.01,0.491,0.099,0.123,0.607,-0.337,0.369,2,0,739,2.93,2224348
Scott Stallings,USA,2020,70.727,3.88,297.6,235.0,69.65,59.84,0.208,0.309,0.019,-0.191,0.072,0.189,2,0,296,0.8,664849
Brandt Snedeker,USA,2020,70.731,3.79,288.5,238.0,65.93,63.08,0.192,-0.336,0.347,-0.333,0.514,-0.155,1,0,358,1.91,896750
Kevin Streelman,USA,2020,70.738,3.82,293.9,155.0,67.66,55.76,0.414,0.25,-0.084,0.246,0.002,0.498,4,0,909,2.38,2520845
Sam Burns,USA,2020,70.778,3.9,312.0,173.0,66.95,57.1,0.329,-0.179,0.409,0.493,-0.394,-0.08,1,0,345,0.98,757500
Maverick McNealy,USA,2020,70.79,4.05,296.6,231.0,65.86,62.53,0.244,-0.391,0.663,0.025,-0.053,-0.419,3,0,523,0.97,1293984
Henrik Norlander,SWE,2020,70.798,3.84,292.1,149.0,70.65,56.78,0.281,0.364,-0.004,0.125,-0.204,0.285,3,0,483,1.07,1175431
Bronson Burgoon,USA,2020,70.809,4.15,294.6,232.0,66.88,59.49,0.268,0.055,0.363,-0.067,-0.083,-0.095,1,0,255,0.55,589539
Matt Jones,AUS,2020,70.817,3.76,297.3,214.0,66.23,58.01,-0.129,-0.438,0.061,0.159,0.089,-0.19,2,0,388,1.53,996369
Vaughn Taylor,USA,2020,70.827,3.89,281.6,205.0,63.75,58.54,-0.058,-0.155,0.294,-0.043,-0.155,-0.352,2,0,442,1.25,1148779
Tyler Duncan,USA,2020,70.84,3.7,286.3,179.0,67.54,58.56,0.042,0.3,-0.132,0.075,-0.202,0.174,1,1,736,1.12,1799855
Harry Higgs,USA,2020,70.852,3.66,301.0,135.0,66.06,60.55,-0.122,-0.361,0.08,0.307,-0.148,-0.202,2,0,465,1.26,1251570
Pat Perez,USA,2020,70.853,3.62,290.3,213.0,70.51,59.25,0.272,0.252,0.253,-0.163,-0.069,0.019,2,0,421,1.04,1010905
Jordan Spieth,USA,2020,70.856,3.87,301.6,236.0,62.37,57.86,0.137,0.082,0.004,-0.279,0.33,0.134,3,0,354,2.02,1138146
Cameron Champ,USA,2020,70.868,4.04,322.0,156.0,67.7,57.99,0.39,-0.143,-0.173,0.999,-0.293,0.563,2,1,951,1.87,2290839
Patrick Rodgers,USA,2020,70.869,3.77,308.5,197.0,66.97,58.23,0.386,-0.465,0.657,0.211,-0.018,-0.271,1,0,431,0.87,1015849
Jhonattan Vegas,VEN,2020,70.883,4.06,309.0,90.0,70.22,54.48,0.079,-0.148,-0.347,0.721,-0.146,0.426,1,0,235,1.01,527009
Brian Stuard,USA,2020,70.885,3.68,281.5,193.0,65.09,62.28,0.252,0.083,0.114,-0.245,0.3,0.138,2,0,438,1.06,1002095
Aaron Wise,USA,2020,70.899,3.93,301.5,162.0,72.1,56.19,-0.369,0.104,-0.479,0.016,-0.01,0.11,2,0,175,0.8,355972
Nick Watney,USA,2020,70.902,4.0,302.3,205.0,70.2,55.51,0.276,0.416,0.132,-0.433,0.162,0.145,1,0,253,0.6,534797
Max Homa,USA,2020,70.942,3.66,300.6,188.0,64.6,59.87,0.279,0.115,0.14,0.272,-0.248,0.14,4,0,526,1.77,1453056
Emiliano Grillo,ARG,2020,70.963,3.77,295.7,138.0,71.54,53.15,-0.182,0.58,-0.905,0.25,-0.107,0.723,3,0,373,1.15,849538
Kyle Stanley,USA,2020,71.008,3.83,285.1,182.0,72.54,58.78,0.074,0.335,-0.323,0.048,0.014,0.397,1,0,246,0.83,490359
Phil Mickelson,USA,2020,71.009,3.76,301.5,233.0,63.51,60.6,0.147,-0.129,-0.083,-0.02,0.379,0.23,2,0,488,2.31,1493908
Chez Reavie,USA,2020,71.043,3.4,284.4,187.0,67.24,61.01,0.278,0.44,-0.291,-0.107,0.237,0.569,2,0,408,2.59,1123769
Luke List,USA,2020,71.048,3.65,307.8,160.0,69.48,57.52,0.301,0.3,-0.504,0.387,0.118,0.805,1,0,297,1.22,731507
Xinjun Zhang,CHN,2020,71.058,4.1,293.8,239.0,66.02,56.26,0.26,0.005,0.087,0.104,0.063,0.173,3,0,474,1.2,1232376
Charley Hoffman,USA,2020,71.06,4.22,296.5,254.0,68.36,55.36,0.3,0.28,0.085,-0.032,-0.034,0.215,2,0,311,1.18,932875
Michael Thompson,USA,2020,71.061,3.44,288.4,197.0,64.96,60.87,-0.173,-0.127,0.181,-0.187,-0.04,-0.354,2,1,647,1.42,1577832
Cameron Percy,AUS,2020,71.073,3.56,295.0,233.0,69.63,60.98,0.113,0.482,-0.028,-0.078,-0.264,0.14,1,0,208,0.43,470679
Sam Ryder,USA,2020,71.091,3.93,297.7,176.0,66.35,60.85,-0.013,0.154,-0.035,-0.033,-0.099,0.022,2,0,349,0.73,690246
Ryan Armour,USA,2020,71.092,3.91,284.1,184.0,67.91,56.42,-0.193,0.044,-0.418,0.02,0.16,0.225,3,0,366,0.91,850571
Sepp Straka,AUT,2020,71.102,3.7,302.7,141.0,66.98,59.38,0.368,0.119,0.252,0.285,-0.288,0.116,3,0,466,1.08,1140441
Lucas Glover,USA,2020,71.12,3.93,301.6,92.0,68.74,57.03,0.085,0.4,-0.356,0.327,-0.286,0.44,1,0,303,1.52,728355
Troy Merritt,USA,2020,71.165,3.76,291.8,184.0,66.5,60.0,-0.166,-0.323,0.47,-0.074,-0.238,-0.636,2,0,419,1.28,1037971
Chase Seiffert,USA,2020,71.175,3.65,291.3,213.0,68.11,57.74,0.196,0.043,0.3,0.087,-0.233,-0.103,1,0,254,0.78,539756
Marc Leishman,AUS,2020,71.186,3.39,295.8,295.0,61.48,55.32,-0.239,0.366,-0.26,-0.202,-0.143,0.021,3,1,1086,3.88,3109752
Stewart Cink,USA,2020,71.189,3.59,295.7,266.0,67.97,55.78,0.101,0.219,0.121,-0.118,-0.12,-0.019,1,0,207,0.51,490620
Bo Hoag,USA,2020,71.193,3.55,294.7,176.0,69.98,56.35,-0.332,-0.295,0.122,-0.143,-0.015,-0.454,1,0,281,0.57,621518
Matt Wallace,ENG,2020,71.206,3.66,301.7,231.0,63.64,58.33,0.031,-0.554,0.027,0.158,0.401,0.004,1,0,244,2.4,800993
Andrew Landry,USA,2020,71.228,3.63,289.7,187.0,64.11,59.21,-0.536,-0.169,-0.341,0.189,-0.215,-0.194,1,1,626,1.31,1510275
Wyndham Clark,USA,2020,71.243,3.8,305.1,212.0,62.57,57.66,-0.302,-0.57,0.557,-0.398,0.11,-0.859,1,0,276,0.95,814737
Fabián Gómez,ARG,2020,71.252,3.55,289.2,188.0,66.67,60.91,-0.248,-0.137,0.011,-0.251,0.129,-0.259,2,0,274,0.68,564722
Si Woo Kim,KOR,2020,71.254,3.89,298.1,234.0,65.54,58.82,0.267,0.115,-0.079,-0.075,0.305,0.346,1,0,409,1.59,1074246
Keith Mitchell,USA,2020,71.298,3.78,301.9,177.0,65.02,53.1,-0.258,-0.431,0.22,0.412,-0.459,-0.478,1,0,328,1.34,886979
Rob Oppenheim,USA,2020,71.3,3.44,284.2,238.0,65.21,62.04,-0.368,-0.123,-0.499,-0.282,0.536,0.131,1,0,236,0.37,454470
Scott Piercy,USA,2020,71.306,3.41,297.2,163.0,64.73,57.28,-0.169,0.134,-0.213,0.263,-0.355,0.043,1,0,291,1.31,809871
Josh Teater,USA,2020,71.335,3.93,294.0,142.0,71.54,53.33,-0.793,0.095,-0.8,-0.08,-0.009,0.007,1,0,217,0.61,453508
K.H. Lee,KOR,2020,71.339,3.74,296.4,139.0,65.2,62.08,-0.182,-0.274,-0.102,0.066,0.129,-0.08,1,0,312,0.78,781808
Robby Shelton,USA,2020,71.358,3.73,296.6,187.0,66.9,53.66,-0.121,0.127,-0.152,0.057,-0.153,0.031,3,0,417,1.11,1232306
Joseph Bramlett,USA,2020,71.367,3.62,299.3,219.0,70.02,53.15,-0.298,0.015,-0.155,-0.072,-0.086,-0.144,1,0,223,0.67,495690
Nate Lashley,USA,2020,71.384,3.38,287.0,240.0,64.85,57.75,-0.321,-0.353,0.201,-0.276,0.106,-0.522,2,0,395,1.48,1035222
Beau Hossler,USA,2020,71.387,3.57,306.6,201.0,65.17,57.62,-0.499,-0.71,0.456,-0.16,-0.085,-0.955,1,0,286,0.67,658088
Brian Gay,USA,2020,71.407,3.89,288.5,285.0,64.81,56.89,-0.578,-0.293,0.129,-0.353,-0.061,-0.707,2,0,323,0.59,702647
Sung Kang,KOR,2020,71.489,3.64,303.4,199.0,65.3,54.17,-0.532,0.0,-0.307,0.006,-0.231,-0.225,2,0,512,1.99,1560024
Scott Brown,USA,2020,71.572,3.41,288.5,179.0,64.5,59.66,-0.347,-0.307,-0.259,0.215,0.004,-0.088,1,0,323,0.91,963412
Hank Lebioda,USA,2020,71.578,3.6,294.7,217.0,67.68,55.94,-0.621,-0.053,-0.615,-0.062,0.109,-0.006,1,0,230,0.52,436840
Scott Harrington,USA,2020,71.583,3.59,307.1,150.0,64.46,55.63,-0.344,-0.579,0.088,0.234,-0.087,-0.432,1,0,370,0.66,951211
Zac Blair,USA,2020,71.705,3.64,280.9,255.0,63.47,60.6,-0.809,-0.443,0.103,-0.405,-0.065,-0.912,1,0,324,0.71,745273
Danny Willett,ENG,2020,71.805,3.63,301.2,224.0,62.5,54.07,-0.289,-0.336,0.239,-0.004,-0.188,-0.528,1,0,202,2.51,621028
Robert Streb,USA,2020,71.836,3.5,293.7,265.0,67.33,52.72,-1.155,-0.221,-0.573,-0.117,-0.244,-0.582,1,0,207,0.48,415258
Graeme McDowell,NIR,2020,71.866,3.42,283.9,257.0,63.31,54.26,-0.788,0.122,-0.222,-0.586,-0.103,-0.566,1,0,305,2.1,751082
Andrew Putnam,USA,2020,71.871,3.2,277.9,340.0,63.77,60.33,-1.021,-0.495,0.841,-1.121,-0.246,-1.862,1,0,184,1.39,459640
Jim Herman,USA,2020,72.022,3.2,285.6,186.0,64.17,51.94,-0.901,-0.438,-0.24,0.21,-0.431,-0.66,1,1,581,1.54,1390275
Jon Rahm,ESP,2021,69.3,4.51,309.0,80.0,71.93,62.98,2.098,0.717,0.331,0.834,0.216,1.767,15,1,2003,10.69,7705933
Dustin Johnson,USA,2021,69.619,4.25,312.9,143.0,66.67,59.95,1.253,0.315,0.429,0.361,0.147,0.824,9,1,1510,8.82,5001136
Louis Oosthuizen,RSA,2021,69.714,3.86,297.8,153.0,67.64,63.81,1.599,0.459,0.764,0.023,0.353,0.835,8,0,1877,6.17,6306679
Bryson DeChambeau,USA,2021,69.728,4.5,323.7,179.0,67.15,59.2,1.823,0.291,0.456,1.162,-0.085,1.367,9,2,1910,6.98,7426415
Patrick Cantlay,USA,2021,69.736,4.29,302.8,151.0,70.16,67.3,1.82,0.486,0.402,0.569,0.363,1.418,7,4,2056,7.68,7638805
Justin Thomas,USA,2021,69.773,4.31,303.9,210.0,67.79,61.81,1.444,0.887,0.026,0.235,0.296,1.418,7,1,1758,7.2,6537153
Xander Schauffele,USA,2021,69.859,4.28,307.6,148.0,68.64,59.21,1.484,0.65,0.48,0.266,0.087,1.004,8,0,1623,7.49,5240653
Daniel Berger,USA,2021,69.862,4.23,296.7,143.0,70.5,63.0,1.296,0.834,0.214,0.264,-0.017,1.082,8,1,1444,5.24,4258579
Viktor Hovland,NOR,2021,69.888,4.4,302.2,113.0,68.61,60.77,1.316,0.648,0.054,0.656,-0.041,1.263,7,1,1717,5.46,5048772
Webb Simpson,USA,2021,69.901,4.34,292.5,160.0,69.37,64.95,1.253,0.393,0.435,0.071,0.353,0.818,6,0,920,4.71,2783012
Brooks Koepka,USA,2021,69.938,4.21,310.7,169.0,68.01,57.89,1.357,0.482,0.187,0.631,0.058,1.171,8,1,1562,5.85,5204136
Abraham Ancer,MEX,2021,69.939,4.2,290.4,162.0,69.27,64.58,1.243,0.499,0.412,0.35,-0.019,0.831,9,1,1926,5.56,5816565
Cameron Smith,AUS,2021,69.969,4.48,297.9,207.0,65.72,62.25,1.106,0.291,0.573,-0.02,0.261,0.533,8,1,1539,4.42,5851867
Tony Finau,USA,2021,69.972,4.16,305.5,195.0,67.1,59.47,1.13,0.461,0.09,0.281,0.298,1.04,8,1,1348,5.84,5740097
Patrick Reed,USA,2021,70.039,4.0,291.4,217.0,62.11,62.97,1.313,0.279,0.669,-0.003,0.368,0.644,6,1,1381,4.96,4019044
Rory McIlroy,NIR,2021,70.043,4.51,319.3,147.0,65.77,57.89,1.368,0.403,0.187,0.66,0.118,1.181,7,1,1291,5.46,4391809
Joaquin Niemann,CHI,2021,70.045,4.14,310.6,136.0,68.57,60.14,1.124,0.326,0.312,0.556,-0.07,0.812,5,0,1491,3.58,3936912
Corey Conners,CAN,2021,70.067,3.99,295.4,117.0,69.93,58.44,1.142,0.698,-0.008,0.625,-0.173,1.15,8,0,1212,3.19,4007567
Collin Morikawa,USA,2021,70.109,4.23,295.2,122.0,70.8,57.56,1.071,1.17,-0.457,0.281,0.077,1.528,8,2,2171,8.27,7059908
Cameron Tringale,USA,2021,70.11,4.11,297.5,183.0,67.63,64.37,1.079,0.363,0.48,-0.006,0.242,0.598,4,0,986,1.85,2428609
Harris English,USA,2021,70.115,4.26,299.4,122.0,65.76,64.02,0.984,0.125,0.544,0.076,0.24,0.441,8,2,2039,5.66,6200481
Russell Henley,USA,2021,70.117,3.73,289.8,189.0,69.44,63.85,0.952,0.831,0.025,0.071,0.024,0.926,5,0,939,2.1,2545330
Jordan Spieth,USA,2021,70.118,4.3,299.5,246.0,64.58,61.32,1.069,0.365,0.389,-0.091,0.407,0.68,9,1,2139,5.46,6470482
Brian Harman,USA,2021,70.158,3.91,291.7,177.0,64.33,63.71,0.816,-0.082,0.432,0.133,0.334,0.385,5,0,1052,2.55,3221821
Paul Casey,ENG,2021,70.176,3.9,303.9,122.0,68.83,61.63,1.22,0.895,-0.073,0.258,0.14,1.293,7,0,932,4.48,3129666
Sam Burns,USA,2021,70.184,4.43,305.3,157.0,67.79,57.29,1.248,0.458,0.579,0.257,-0.047,0.669,8,1,1721,4.13,5160030
Ian Poulter,ENG,2021,70.221,3.63,285.2,221.0,60.88,64.3,0.819,-0.162,0.695,-0.079,0.364,0.123,3,0,628,2.43,1641459
Tyrrell Hatton,ENG,2021,70.249,3.91,299.0,143.0,63.89,60.99,1.14,0.651,0.138,0.322,0.028,1.002,4,0,739,4.99,2010279
Sungjae Im,KOR,2021,70.281,4.08,297.1,107.0,69.08,61.41,0.976,0.237,0.292,0.526,-0.079,0.684,5,0,1185,3.81,4157182
Shane Lowry,IRL,2021,70.318,3.91,299.6,179.0,68.35,57.74,0.825,0.543,-0.162,0.112,0.333,0.987,4,0,727,2.74,2636597
Charley Hoffman,USA,2021,70.326,4.2,306.5,176.0,67.85,61.08,1.194,0.646,0.33,0.341,-0.123,0.864,5,0,1127,2.03,3049763
Scottie Scheffler,USA,2021,70.326,4.39,305.0,101.0,68.08,58.79,0.932,0.145,0.023,0.515,0.249,0.909,8,0,1409,4.74,4505589
Emiliano Grillo,ARG,2021,70.338,4.1,298.2,133.0,71.47,58.82,0.562,0.669,-0.104,0.368,-0.371,0.666,4,0,920,1.82,2100336
Kevin Streelman,USA,2021,70.341,3.97,295.6,145.0,69.21,57.14,0.673,0.418,-0.008,0.196,0.08,0.681,4,0,837,2.2,2162402
Jason Kokrak,USA,2021,70.37,4.28,307.9,127.0,69.19,55.74,1.053,0.281,0.628,0.352,-0.208,0.426,5,2,1631,3.97,5118629
Zach Johnson,USA,2021,70.401,3.67,289.0,244.0,66.87,58.88,0.642,0.085,0.667,-0.215,0.105,-0.024,3,0,485,1.16,1241402
Sergio Garcia,ESP,2021,70.423,3.96,309.4,109.0,70.05,62.16,0.736,0.279,-0.409,0.796,0.071,1.145,4,1,1020,2.63,2998555
Chris Kirk,USA,2021,70.444,3.72,291.9,211.0,68.35,63.88,0.748,0.314,0.046,0.119,0.269,0.702,4,0,853,1.91,2176116
Adam Scott,AUS,2021,70.447,4.0,306.0,203.0,65.35,52.56,0.739,0.356,0.475,-0.101,0.008,0.264,2,0,604,2.82,1517533
Talor Gooch,USA,2021,70.457,3.8,299.1,179.0,65.8,63.0,0.68,0.435,0.14,-0.071,0.176,0.54,3,0,739,1.78,2291437
Jhonattan Vegas,VEN,2021,70.486,4.07,312.1,163.0,68.81,56.48,0.633,0.257,-0.184,0.647,-0.087,0.817,4,0,866,1.65,2069765
Keegan Bradley,USA,2021,70.489,3.77,300.2,109.0,69.96,59.14,0.8,0.856,-0.548,0.327,0.165,1.348,4,0,941,1.77,2572089
Seamus Power,IRL,2021,70.495,4.0,295.1,188.0,68.2,65.96,1.013,0.393,0.168,0.012,0.44,0.845,4,1,670,1.41,1547290
Matt Fitzpatrick,ENG,2021,70.512,3.92,293.5,144.0,64.39,57.92,0.988,0.026,0.367,0.539,0.055,0.62,5,0,748,4.06,2252351
Kevin Na,USA,2021,70.522,4.0,288.5,205.0,64.11,65.12,0.527,-0.027,0.105,-0.253,0.702,0.422,5,1,1308,4.28,3625982
Patton Kizzire,USA,2021,70.541,4.23,300.9,190.0,67.76,58.95,0.61,0.169,0.432,-0.083,0.092,0.178,5,0,802,1.38,2102294
Hideki Matsuyama,JPN,2021,70.563,4.06,299.9,142.0,67.03,61.05,0.641,0.614,-0.433,0.24,0.22,1.074,3,1,1594,5.03,4963594
Doug Ghim,USA,2021,70.57,4.13,292.9,147.0,69.64,62.77,0.64,0.516,-0.269,0.252,0.141,0.909,1,0,587,0.76,1283807
Stewart Cink,USA,2021,70.576,3.93,306.6,188.0,69.44,58.18,0.463,0.417,0.164,-0.064,-0.054,0.299,3,2,1445,2.47,3596319
Harold Varner III,USA,2021,70.592,3.76,300.7,173.0,67.78,58.43,0.862,0.47,0.069,0.104,0.218,0.792,1,0,674,1.76,2013461
Matt Wallace,ENG,2021,70.594,3.58,298.4,196.0,63.94,53.49,0.875,0.443,0.112,0.106,0.214,0.763,2,0,502,1.89,1369595
Hank Lebioda,USA,2021,70.642,3.78,295.0,209.0,69.14,64.5,0.693,0.332,0.431,-0.134,0.064,0.263,3,0,564,0.92,1286430
Matt Jones,AUS,2021,70.665,3.68,304.0,210.0,65.74,61.05,0.28,-0.422,0.273,0.124,0.305,0.007,3,1,1033,1.8,2496677
Aaron Wise,USA,2021,70.671,4.11,300.6,167.0,70.35,58.78,0.412,0.357,-0.432,0.249,0.239,0.845,3,0,741,1.49,2207563
Erik van Rooyen,RSA,2021,70.674,3.9,305.3,129.0,64.38,58.33,0.512,0.141,0.193,0.126,0.052,0.319,5,1,648,2.3,2211281
Justin Rose,ENG,2021,70.678,3.87,297.5,192.0,65.95,52.87,0.097,-0.045,0.375,-0.142,-0.091,-0.278,3,0,439,2.67,1304180
Pat Perez,USA,2021,70.71,3.83,292.2,224.0,66.26,63.12,0.592,0.185,0.372,-0.12,0.155,0.22,2,0,489,0.86,1200834
Branden Grace,RSA,2021,70.741,3.78,293.8,295.0,64.47,59.07,0.383,0.161,0.15,-0.162,0.234,0.233,4,1,955,2.16,2222244
Max Homa,USA,2021,70.745,3.93,300.8,186.0,63.89,59.93,0.327,0.372,-0.043,0.122,-0.124,0.371,5,1,1220,2.58,3448578
Maverick McNealy,USA,2021,70.764,3.99,298.7,181.0,66.52,61.7,0.233,-0.223,0.118,0.271,0.067,0.115,2,0,830,1.39,2055002
Cam Davis,AUS,2021,70.779,4.17,309.0,185.0,65.31,56.9,0.472,0.159,0.173,0.312,-0.172,0.299,3,1,1052,1.98,2746956
Alex Noren,SWE,2021,70.78,3.76,297.9,218.0,63.21,60.96,0.634,-0.11,0.538,-0.045,0.251,0.096,3,0,567,2.08,2085051
Lanto Griffin,USA,2021,70.788,3.66,302.9,199.0,65.12,58.58,0.592,0.394,0.384,0.019,-0.206,0.208,2,0,593,1.59,1612446
Sepp Straka,AUT,2021,70.792,3.96,303.2,185.0,66.84,57.07,0.137,0.114,0.092,0.073,-0.142,0.045,3,0,533,1.07,1136615
Jason Day,AUS,2021,70.815,3.48,300.3,152.0,66.67,61.54,0.778,-0.043,0.067,0.442,0.312,0.711,3,0,489,1.79,1291234
Charles Howell III,USA,2021,70.819,3.34,297.6,190.0,67.22,65.86,0.393,-0.401,0.114,0.505,0.174,0.279,1,0,378,0.93,947154
Brice Garnett,USA,2021,70.82,3.57,288.1,179.0,68.12,62.5,0.075,-0.324,0.396,0.161,-0.159,-0.321,3,0,452,0.73,926914
Brendon Todd,USA,2021,70.842,3.62,275.2,195.0,64.86,60.66,0.415,-0.176,0.62,-0.234,0.204,-0.205,3,0,544,1.72,1349804
Lucas Glover,USA,2021,70.861,3.83,294.9,170.0,66.72,58.61,0.36,0.172,-0.141,0.185,0.144,0.501,4,1,1044,1.65,2577704
Roger Sloan,CAN,2021,70.866,3.79,295.8,194.0,68.77,60.74,0.365,0.222,-0.06,0.166,0.036,0.425,2,0,565,0.8,1107623
Bubba Watson,USA,2021,70.871,3.59,304.6,151.0,67.95,56.53,0.541,0.103,-0.21,0.613,0.035,0.751,5,0,685,1.98,1873381
Si Woo Kim,KOR,2021,70.872,3.89,296.3,175.0,65.78,62.87,0.469,-0.026,-0.183,0.223,0.467,0.652,5,1,1187,2.42,3245928
James Hahn,USA,2021,70.897,3.96,297.1,124.0,68.81,59.29,0.193,-0.004,0.165,0.079,-0.048,0.028,5,0,508,0.9,1197328
Carlos Ortiz,MEX,2021,70.911,3.89,303.0,151.0,67.03,58.06,0.399,0.039,-0.019,0.246,0.132,0.418,3,1,1044,1.92,2682104
Ryan Palmer,USA,2021,70.92,4.08,304.6,149.0,65.54,61.87,0.506,0.246,0.099,0.242,-0.081,0.407,4,0,812,2.93,2276042
Ryan Armour,USA,2021,70.922,3.79,282.0,193.0,67.02,59.61,0.223,-0.082,0.354,0.013,-0.062,-0.131,4,0,434,0.77,962354
C.T. Pan,TPE,2021,70.922,3.44,296.3,198.0,65.83,60.37,0.274,0.245,-0.108,-0.002,0.139,0.382,2,0,466,1.14,1227777
Russell Knox,SCO,2021,70.923,3.57,291.2,188.0,70.41,61.43,0.194,0.522,-0.26,0.018,-0.086,0.453,2,0,507,0.67,1130467
Brian Stuard,USA,2021,70.924,3.74,277.8,196.0,66.72,61.16,0.315,0.043,0.23,-0.147,0.188,0.085,3,0,592,0.84,1343197
Billy Horschel,USA,2021,70.925,3.69,294.7,158.0,66.47,59.73,0.301,-0.195,0.285,0.289,-0.078,0.016,6,1,1292,5.01,4030906
Troy Merritt,USA,2021,70.942,3.46,289.9,246.0,64.63,60.9,0.17,0.025,0.282,-0.207,0.07,-0.112,4,0,700,1.51,1827790
Scott Stallings,USA,2021,70.952,3.47,297.4,213.0,68.2,62.76,0.123,0.353,0.03,0.024,-0.284,0.093,2,0,447,0.77,1030868
Adam Hadwin,CAN,2021,70.961,3.47,293.4,200.0,62.44,60.0,0.322,-0.32,0.471,-0.042,0.212,-0.149,4,0,540,1.29,1308758
Anirban Lahiri,IND,2021,70.982,4.03,298.4,224.0,64.62,60.51,0.077,-0.254,-0.039,0.28,0.089,0.116,3,0,455,0.67,952131
Mackenzie Hughes,CAN,2021,71.018,3.66,293.5,261.0,64.44,58.16,-0.088,-0.34,0.483,-0.34,0.108,-0.572,4,0,719,2.26,1845824
Andrew Putnam,USA,2021,71.019,3.58,283.8,276.0,66.1,62.98,0.027,0.109,0.335,-0.519,0.102,-0.308,4,0,648,1.11,1572704
Luke List,USA,2021,71.02,3.88,312.7,181.0,68.41,58.7,0.266,0.251,-0.626,0.557,0.083,0.892,5,0,531,0.99,1243787
Cameron Percy,AUS,2021,71.037,3.66,286.7,242.0,72.58,57.11,0.108,0.698,-0.352,-0.115,-0.123,0.46,2,0,400,0.48,784607
Brandt Snedeker,USA,2021,71.037,3.73,286.6,237.0,64.48,57.36,0.3,0.0,0.341,-0.255,0.214,-0.041,2,0,533,1.1,1347790
Tommy Fleetwood,ENG,2021,71.046,3.52,300.8,193.0,64.44,58.07,0.072,0.051,-0.137,-0.134,0.292,0.209,2,0,382,2.97,1149631
Adam Schenk,USA,2021,71.054,3.9,299.5,165.0,67.37,61.6,0.188,0.058,0.137,0.159,-0.166,0.051,2,0,530,0.88,1101722
Lee Westwood,ENG,2021,71.054,3.48,294.1,191.0,64.78,54.45,0.271,0.167,0.069,0.055,-0.02,0.202,2,0,867,3.09,3435368
Denny McCarthy,USA,2021,71.057,3.55,295.4,188.0,64.01,60.43,0.048,-0.353,0.435,-0.207,0.172,-0.387,3,0,538,0.82,1212977
Sebastián Muñoz,COL,2021,71.073,4.09,297.5,161.0,66.67,58.82,0.344,0.243,0.047,0.13,-0.076,0.297,4,0,740,1.92,2097446
Chez Reavie,USA,2021,71.075,3.46,281.9,192.0,67.13,58.35,0.187,0.505,-0.445,0.155,-0.028,0.632,1,0,457,0.99,1126279
Charl Schwartzel,RSA,2021,71.088,3.64,303.0,184.0,66.86,60.04,0.386,0.183,0.025,-0.027,0.205,0.361,3,0,857,1.85,2264460
Scott Piercy,USA,2021,71.1,3.75,298.2,192.0,65.61,60.94,-0.234,0.005,-0.482,0.09,0.153,0.248,1,0,470,0.84,1071702
Camilo Villegas,COL,2021,71.109,3.6,292.5,294.0,65.58,60.8,0.124,0.236,-0.277,-0.145,0.31,0.401,2,0,412,0.66,945774
Doc Redman,USA,2021,71.123,3.43,294.0,169.0,65.86,62.1,-0.023,0.215,-0.002,-0.035,-0.202,-0.021,4,0,580,0.95,1361633
Chase Seiffert,USA,2021,71.13,3.62,290.9,198.0,66.74,59.96,-0.042,0.147,-0.131,0.021,-0.079,0.09,1,0,380,0.59,824736
Chesson Hadley,USA,2021,71.134,3.72,297.5,252.0,64.58,58.17,-0.005,-0.036,0.552,-0.289,-0.232,-0.557,1,0,440,0.65,940986
Rory Sabbatini,SVK,2021,71.141,3.95,287.5,259.0,64.81,54.74,-0.078,-0.198,0.176,-0.001,-0.056,-0.254,2,0,403,1.35,968716
Patrick Rodgers,USA,2021,71.16,3.74,306.7,205.0,67.1,55.96,0.038,-0.4,0.062,0.305,0.072,-0.023,1,0,433,0.82,968100
Joel Dahmen,USA,2021,71.162,3.95,292.3,161.0,65.24,58.67,-0.028,0.148,-0.344,0.214,-0.047,0.316,3,1,646,1.63,1452347
Kyle Stanley,USA,2021,71.167,3.3,292.1,176.0,69.88,59.63,0.049,0.55,-0.712,0.244,-0.034,0.761,2,0,477,0.81,1061178
Kramer Hickok,USA,2021,71.175,3.64,290.8,167.0,68.04,57.68,-0.091,-0.187,-0.255,0.117,0.233,0.164,2,0,574,1.07,1348745
Tom Hoge,USA,2021,71.187,3.88,289.2,227.0,62.62,60.68,0.077,0.304,-0.106,-0.05,-0.07,0.184,2,0,502,1.36,1690223
Sam Ryder,USA,2021,71.187,3.73,297.2,181.0,68.09,54.05,-0.218,0.129,0.056,-0.019,-0.384,-0.274,4,0,499,0.85,1080154
Vince Whaley,USA,2021,71.207,3.59,296.6,259.0,65.14,60.56,-0.044,-0.409,0.166,0.168,0.033,-0.209,1,0,373,0.59,692292
Harry Higgs,USA,2021,71.212,4.06,298.9,222.0,63.68,56.21,0.169,-0.184,0.243,-0.064,0.174,-0.075,2,0,614,1.32,1829267
Peter Malnati,USA,2021,71.212,3.91,290.5,311.0,62.78,56.34,-0.062,-0.109,0.238,-0.278,0.087,-0.3,3,0,602,0.73,1429713
Michael Thompson,USA,2021,71.215,3.57,288.1,189.0,65.54,59.26,-0.063,-0.151,0.062,-0.104,0.129,-0.125,1,0,403,1.1,907001
Kevin Kisner,USA,2021,71.216,3.72,289.1,188.0,64.96,58.54,-0.003,-0.266,0.392,-0.215,0.085,-0.396,4,1,1200,3.03,2952177
J.T. Poston,USA,2021,71.221,3.55,299.9,213.0,62.24,56.74,0.022,-0.488,0.706,-0.131,-0.065,-0.684,2,0,697,1.33,1663521
K.H. Lee,KOR,2021,71.227,3.64,298.4,149.0,64.26,60.26,0.074,-0.066,-0.236,0.172,0.203,0.309,3,1,1064,2.11,3085133
Matt Kuchar,USA,2021,71.25,3.58,287.8,216.0,65.49,57.56,0.009,0.046,0.104,-0.371,0.229,-0.095,1,0,456,1.66,1348917
Henrik Norlander,SWE,2021,71.264,3.27,294.1,143.0,69.18,60.52,0.013,0.468,-0.442,0.152,-0.165,0.455,3,0,586,1.1,1377085
Gary Woodland,USA,2021,71.279,3.71,309.5,191.0,62.94,53.32,0.096,0.291,-0.076,-0.19,0.072,0.173,3,0,484,1.63,1294062
Wyndham Clark,USA,2021,71.283,3.51,314.6,201.0,63.39,60.31,-0.409,-0.64,-0.045,-0.015,0.29,-0.364,2,0,609,0.83,1198800
Keith Mitchell,USA,2021,71.286,3.83,307.2,182.0,64.62,57.01,-0.14,-0.31,-0.057,0.57,-0.343,-0.083,4,0,532,1.26,1665249
Adam Long,USA,2021,71.288,3.57,288.6,193.0,63.03,57.25,-0.457,-0.541,0.144,0.109,-0.169,-0.601,2,0,636,1.32,1496681
Nate Lashley,USA,2021,71.302,3.41,292.4,224.0,65.5,61.02,-0.423,-0.099,-0.217,-0.348,0.241,-0.207,2,0,410,0.63,879981
Marc Leishman,AUS,2021,71.303,3.55,293.8,253.0,65.72,59.28,0.052,0.118,0.19,-0.165,-0.092,-0.138,4,1,1103,2.74,3107047
Vaughn Taylor,USA,2021,71.322,3.49,278.4,212.0,64.67,62.3,-0.021,0.015,0.293,-0.501,0.173,-0.314,1,0,306,0.57,648742
Rickie Fowler,USA,2021,71.33,3.72,297.0,189.0,63.96,56.92,0.103,-0.244,-0.091,0.096,0.343,0.194,1,0,402,1.33,1089904
Matthew Wolff,USA,2021,71.333,3.84,315.9,193.0,64.95,52.16,-0.168,0.342,0.141,-0.333,-0.318,-0.309,2,0,772,2.46,2507324
Robert Streb,USA,2021,71.335,3.45,292.3,270.0,64.57,61.76,-0.323,-0.451,0.179,-0.232,0.181,-0.502,1,1,710,1.21,1811604
Nick Taylor,CAN,2021,71.344,3.72,294.0,179.0,65.62,60.68,-0.033,-0.217,0.165,0.015,0.004,-0.198,1,0,370,0.93,862159
Brendan Steele,USA,2021,71.383,3.54,299.3,153.0,65.42,57.93,0.115,0.103,-0.131,0.126,0.017,0.246,3,0,536,1.35,1358526
Tyler McCumber,USA,2021,71.386,3.57,309.4,148.0,64.71,56.02,-0.536,-0.076,-0.681,0.29,-0.069,0.145,2,0,551,0.52,1025909
Dylan Frittelli,RSA,2021,71.443,3.39,309.3,203.0,64.04,60.3,-0.461,-0.333,-0.47,0.029,0.312,0.009,3,0,453,1.65,1564495
Joseph Bramlett,USA,2021,71.481,3.65,309.6,169.0,68.87,57.44,-0.123,0.21,-0.724,0.224,0.167,0.601,1,0,328,1.03,735440
Beau Hossler,USA,2021,71.525,3.65,305.1,200.0,65.34,58.65,-0.145,-0.42,0.206,0.059,0.01,-0.351,1,0,316,0.5,660397
Richy Werenski,USA,2021,71.567,3.48,293.9,221.0,63.82,58.04,-0.302,-0.183,0.068,-0.214,0.027,-0.37,2,0,467,1.12,1180394
Martin Laird,SCO,2021,71.576,3.58,295.9,117.0,69.44,56.59,-0.025,0.208,-0.343,0.117,-0.008,0.318,1,1,734,1.23,1812120
Brandon Hagy,USA,2021,71.609,3.54,311.6,201.0,62.99,56.59,-0.232,-0.533,-0.159,0.33,0.13,-0.073,3,0,660,1.07,1593365
Michael Gligic,CAN,2021,71.614,3.48,299.0,200.0,66.53,59.75,-0.338,-0.317,0.384,-0.104,-0.301,-0.722,1,0,330,0.43,620442
Austin Cook,USA,2021,71.618,3.35,289.2,210.0,64.51,59.35,-0.421,-0.568,0.309,-0.046,-0.116,-0.73,1,0,383,0.57,898902
Hudson Swafford,USA,2021,71.738,3.83,303.1,102.0,67.89,50.84,-0.684,-0.233,0.001,0.052,-0.505,-0.685,3,1,804,1.32,1759907
Phil Mickelson,USA,2021,71.897,3.72,301.8,231.0,62.99,52.94,-0.442,-0.142,-0.032,-0.161,-0.107,-0.41,1,1,791,3.13,2707199
Bo Van Pelt,USA,2021,71.97,3.49,293.2,228.0,65.05,55.41,-0.683,-0.103,-0.225,-0.177,-0.178,-0.458,1,0,326,0.48,752234
Cameron Champ,USA,2021,72.088,3.91,317.1,128.0,66.0,53.38,-0.607,-0.154,-0.608,0.593,-0.439,0.001,2,1,839,1.91,2154103
Brian Gay,USA,2021,72.193,3.19,286.8,295.0,60.71,56.77,-1.218,-0.774,0.203,-0.656,0.01,-1.421,1,1,579,0.5,916158
Rory McIlroy,NIR,2022,68.67,4.53,321.3,129.0,69.91,62.77,2.115,0.626,0.495,0.771,0.222,1.619,10,3,2104,9.07,8654566
Cameron Smith,AUS,2022,69.203,4.63,299.7,236.0,68.01,59.94,1.433,0.771,0.563,-0.125,0.223,0.869,7,3,2335,8.92,10107897
Matt Fitzpatrick,ENG,2022,69.217,3.69,303.8,121.0,66.83,69.62,1.792,0.28,0.425,0.636,0.452,1.368,10,1,1596,5.89,7012672
Scottie Scheffler,USA,2022,69.293,4.6,311.6,119.0,72.29,59.9,1.677,0.819,0.202,0.356,0.3,1.475,11,4,3556,9.94,14046910
Xander Schauffele,USA,2022,69.462,4.32,308.5,95.0,70.52,62.04,1.652,0.701,0.343,0.372,0.235,1.309,7,3,2153,7.34,7427299
Patrick Cantlay,USA,2022,69.468,4.44,308.0,133.0,69.28,65.43,1.522,0.363,0.367,0.526,0.266,1.156,12,2,2108,8.32,9369605
Justin Thomas,USA,2022,69.493,4.58,314.3,181.0,68.35,64.67,1.68,0.696,0.091,0.538,0.355,1.589,10,1,1783,6.59,6829576
Tommy Fleetwood,ENG,2022,69.653,3.77,301.5,201.0,65.67,64.45,1.05,0.181,0.375,0.027,0.467,0.675,5,0,766,3.0,2874008
Shane Lowry,IRL,2022,69.661,3.69,306.9,131.0,67.91,67.46,1.175,0.679,0.162,0.16,0.173,1.013,4,0,942,4.03,3616679
Will Zalatoris,USA,2022,69.698,4.32,314.7,172.0,70.91,58.54,1.767,1.063,-0.003,0.602,0.106,1.77,9,1,1680,6.4,9405082
Tony Finau,USA,2022,69.748,4.22,308.0,169.0,71.25,63.6,1.499,0.659,0.091,0.543,0.206,1.408,7,2,1912,5.26,6117886
Jon Rahm,ESP,2022,69.755,4.17,318.9,61.0,71.59,57.54,1.656,0.363,0.367,1.025,-0.098,1.29,8,1,1449,7.3,5248220
Sungjae Im,KOR,2022,69.762,3.99,303.7,98.0,70.83,66.02,1.668,0.308,0.326,0.651,0.383,1.342,9,1,1733,4.21,5567974
Sam Burns,USA,2022,69.768,4.33,309.6,186.0,68.68,59.65,1.39,0.554,0.553,0.067,0.217,0.838,8,3,2275,5.67,7073986
Joaquin Niemann,CHI,2022,69.829,4.15,309.1,178.0,67.92,61.9,1.274,0.527,-0.061,0.545,0.263,1.335,5,1,1228,3.95,5076060
Cameron Young,USA,2022,69.844,4.41,319.3,125.0,64.91,62.55,1.265,0.098,0.141,0.914,0.112,1.124,7,0,1774,4.42,6520598
Collin Morikawa,USA,2022,69.863,4.03,301.8,112.0,68.61,59.59,0.978,0.854,-0.088,0.361,-0.149,1.066,8,0,1089,6.33,4837271
Keith Mitchell,USA,2022,69.916,4.06,311.8,91.0,67.64,63.67,1.074,0.024,0.209,0.761,0.079,0.865,6,0,888,1.97,3068341
Russell Henley,USA,2022,69.933,4.21,298.7,120.0,70.94,56.86,1.192,0.969,-0.162,0.06,0.325,1.354,4,0,934,2.1,2837505
Corey Conners,CAN,2022,69.941,3.86,302.7,98.0,71.9,59.09,1.143,0.601,-0.099,0.7,-0.06,1.242,4,0,936,3.11,3876590
Aaron Wise,USA,2022,69.944,4.07,308.3,154.0,69.06,62.63,1.053,0.489,0.1,0.387,0.076,0.952,4,0,952,2.69,3454521
Denny McCarthy,USA,2022,69.971,3.62,291.6,202.0,65.33,65.54,0.837,-0.059,0.818,-0.183,0.261,0.019,5,0,842,1.62,2882771
Max Homa,USA,2022,69.972,3.94,306.3,144.0,65.99,59.96,1.343,0.384,0.369,0.425,0.165,0.975,5,2,1625,3.76,5289842
Tyrrell Hatton,ENG,2022,70.01,3.88,305.7,226.0,64.06,57.0,1.034,0.153,0.742,-0.047,0.186,0.292,3,0,749,3.02,2849792
Billy Horschel,USA,2022,70.023,3.8,297.3,147.0,68.17,62.59,1.031,-0.067,0.448,0.237,0.413,0.583,5,1,1403,4.63,4940600
Talor Gooch,USA,2022,70.063,4.1,304.4,133.0,69.33,60.71,1.022,0.653,0.005,-0.138,0.502,1.017,4,1,1302,2.7,3718990
Hideki Matsuyama,JPN,2022,70.116,4.18,304.7,172.0,68.29,64.23,1.015,0.711,-0.028,0.127,0.206,1.044,6,2,1697,4.55,5776298
Viktor Hovland,NOR,2022,70.163,4.37,308.4,107.0,66.98,59.38,0.768,0.606,0.389,0.423,-0.651,0.379,5,1,1314,6.0,4868461
Brian Harman,USA,2022,70.195,3.52,292.2,180.0,67.09,62.89,0.608,0.177,0.118,0.127,0.186,0.49,6,0,694,2.7,3226839
Mito Pereira,CHI,2022,70.216,3.75,303.9,164.0,69.6,61.81,1.111,0.679,0.012,0.386,0.047,1.099,3,0,888,2.28,2797925
Jordan Spieth,USA,2022,70.24,4.07,308.4,187.0,67.42,61.98,0.839,0.416,-0.207,0.335,0.295,1.046,6,1,1574,5.54,5018444
Davis Riley,USA,2022,70.259,4.15,307.6,110.0,66.96,57.78,0.578,0.161,0.107,0.312,-0.003,0.471,6,0,1045,1.78,3190793
Maverick McNealy,USA,2022,70.282,4.1,307.4,175.0,66.79,57.98,0.683,-0.004,0.454,0.277,-0.044,0.229,4,0,936,1.76,2689754
Mark Hubbard,USA,2022,70.284,3.75,288.3,232.0,68.3,63.92,0.6,0.494,0.239,-0.13,-0.003,0.361,2,0,508,0.92,1179782
Matt Kuchar,USA,2022,70.291,3.73,287.9,228.0,63.93,69.2,0.756,-0.035,0.544,-0.272,0.519,0.212,3,0,696,1.64,2051300
J.T. Poston,USA,2022,70.295,3.72,298.2,215.0,66.73,64.9,0.697,0.018,0.279,0.18,0.218,0.417,4,1,1146,2.11,3292443
Seamus Power,IRL,2022,70.303,3.95,301.0,165.0,68.66,62.95,0.55,0.013,0.283,0.163,0.091,0.267,5,0,990,2.59,3100241
Christiaan Bezuidenhout,RSA,2022,70.32,3.54,291.6,222.0,66.04,66.05,0.753,0.12,0.653,-0.035,0.015,0.1,1,0,698,1.87,2233289
Troy Merritt,USA,2022,70.338,3.66,292.2,202.0,63.31,62.06,0.506,0.046,0.276,0.201,-0.018,0.23,2,0,639,1.45,1906304
Keegan Bradley,USA,2022,70.354,3.79,307.5,148.0,66.18,58.32,1.053,0.437,0.067,0.433,0.115,0.986,6,0,925,2.34,3623137
Tom Hoge,USA,2022,70.366,3.92,298.1,186.0,66.32,64.26,0.768,0.664,-0.009,0.058,0.056,0.777,6,1,1424,2.52,4310046
Charles Howell III,USA,2022,70.389,4.19,304.1,137.0,70.99,60.28,0.68,0.064,-0.195,0.398,0.413,0.876,1,0,400,0.89,1026002
Justin Rose,ENG,2022,70.406,3.91,299.5,190.0,64.92,57.77,0.505,0.065,0.45,0.022,-0.032,0.055,2,0,458,1.96,1426994
Harold Varner III,USA,2022,70.422,4.07,305.8,224.0,66.51,60.82,0.554,0.458,-0.194,-0.058,0.348,0.748,3,0,682,2.53,2294141
Chris Kirk,USA,2022,70.425,3.56,300.1,134.0,66.14,62.89,0.999,0.256,-0.033,0.367,0.408,1.031,4,0,707,1.89,2408913
Brendon Todd,USA,2022,70.439,3.76,279.0,199.0,64.99,64.44,0.519,-0.065,0.781,-0.34,0.144,-0.262,2,0,592,1.24,1659052
Scott Stallings,USA,2022,70.457,3.95,306.0,222.0,65.39,61.87,0.558,0.191,0.267,-0.024,0.124,0.291,7,0,852,1.99,3933593
Gary Woodland,USA,2022,70.457,3.36,309.9,164.0,66.1,61.05,0.804,0.318,0.039,0.303,0.144,0.765,5,0,573,1.58,1992732
Andrew Putnam,USA,2022,70.468,3.54,284.8,223.0,66.55,65.72,0.437,0.032,0.31,-0.238,0.333,0.127,2,0,498,1.32,1920393
Taylor Pendrith,CAN,2022,70.506,4.04,316.1,147.0,70.66,60.53,0.619,0.115,-0.092,0.591,0.005,0.711,3,0,663,1.36,2330840
Adam Scott,AUS,2022,70.506,4.01,312.4,178.0,67.67,57.76,0.619,0.256,0.279,0.158,-0.075,0.34,5,0,551,2.86,2913198
Marc Leishman,AUS,2022,70.511,3.96,307.1,199.0,66.36,61.24,0.784,0.166,0.507,-0.021,0.132,0.277,3,0,656,1.93,2015561
Jhonattan Vegas,VEN,2022,70.521,3.69,315.7,172.0,68.11,57.01,0.375,0.396,-0.232,0.393,-0.182,0.607,1,0,428,1.34,1097633
Sebastián Muñoz,COL,2022,70.524,3.77,303.7,137.0,66.47,60.28,0.47,0.331,-0.066,0.232,-0.027,0.536,3,0,795,1.88,2545121
Alex Smalley,USA,2022,70.535,3.71,306.5,144.0,68.28,60.45,0.12,0.26,-0.233,0.207,-0.115,0.352,3,0,658,1.2,1631567
Alex Noren,SWE,2022,70.545,3.59,299.8,248.0,65.71,64.56,0.482,0.002,0.457,-0.019,0.042,0.026,3,0,681,2.04,1971531
Martin Laird,SCO,2022,70.574,3.44,298.0,121.0,68.77,63.34,0.39,0.444,-0.47,0.175,0.24,0.86,1,0,421,0.94,1094313
K.H. Lee,KOR,2022,70.578,3.7,302.5,140.0,65.82,59.87,0.418,-0.009,0.13,0.22,0.077,0.288,2,1,853,2.58,3347180
Webb Simpson,USA,2022,70.583,3.78,300.6,128.0,64.6,58.24,0.367,0.143,0.038,-0.044,0.23,0.329,1,0,346,1.58,1041955
Adam Hadwin,CAN,2022,70.595,3.82,297.2,161.0,67.84,61.61,0.678,0.274,0.127,-0.084,0.361,0.55,5,0,721,1.6,2574396
Patrick Rodgers,USA,2022,70.595,3.36,309.3,216.0,68.17,59.34,0.563,0.091,0.36,0.163,-0.051,0.203,3,0,517,0.81,1327382
Matthias Schwab,AUT,2022,70.598,3.66,293.8,260.0,68.65,59.24,0.261,0.18,0.118,-0.241,0.204,0.143,3,0,353,0.72,955840
Russell Knox,SCO,2022,70.603,3.38,293.7,171.0,71.41,58.08,0.143,0.45,-0.417,0.139,-0.03,0.559,2,0,514,0.92,1683424
Aaron Rai,ENG,2022,70.637,3.51,295.4,151.0,68.79,60.2,0.383,0.301,-0.106,0.146,0.042,0.49,2,0,491,1.0,1346601
Mackenzie Hughes,CAN,2022,70.64,3.6,298.0,245.0,62.8,59.74,0.302,-0.206,0.509,-0.289,0.288,-0.207,3,0,783,1.6,2276212
J.J. Spaun,USA,2022,70.669,3.81,294.7,184.0,67.02,60.11,0.308,0.127,0.1,0.124,-0.043,0.208,3,1,985,1.5,2951152
Luke List,USA,2022,70.679,3.66,314.8,177.0,69.72,57.34,0.476,0.594,-0.895,0.677,0.099,1.371,3,1,938,1.72,2734720
Brendan Steele,USA,2022,70.679,3.44,307.8,123.0,69.33,60.55,0.343,0.325,-0.541,0.694,-0.135,0.884,4,0,689,1.41,2531909
Cam Davis,AUS,2022,70.714,4.0,308.5,189.0,65.31,59.57,0.542,0.269,0.096,0.138,0.038,0.446,5,0,614,1.91,1989011
Lanto Griffin,USA,2022,70.735,3.85,301.6,211.0,65.46,59.38,0.292,0.438,0.121,0.012,-0.279,0.171,4,0,592,1.14,1717566
John Huh,USA,2022,70.737,3.97,292.0,186.0,66.82,59.5,0.276,0.171,-0.011,-0.012,0.128,0.287,2,0,612,1.09,1631948
Cameron Tringale,USA,2022,70.761,3.76,301.9,205.0,67.45,57.88,0.269,0.294,0.007,-0.135,0.103,0.262,5,0,957,2.01,3050519
Ryan Palmer,USA,2022,70.763,3.52,305.6,200.0,66.75,56.86,0.142,-0.056,-0.314,0.404,0.109,0.457,1,0,391,1.34,1167801
Wyndham Clark,USA,2022,70.771,3.73,319.0,181.0,65.23,60.79,0.231,-0.375,0.358,0.209,0.039,-0.127,3,0,527,0.94,1544055
Jason Kokrak,USA,2022,70.778,3.72,309.2,116.0,65.3,60.63,0.337,0.026,0.252,0.117,-0.058,0.085,1,1,801,2.57,2339960
Sahith Theegala,USA,2022,70.788,3.83,304.3,238.0,66.47,63.05,0.339,0.185,-0.043,0.03,0.167,0.382,5,0,886,2.04,3124668
Callum Tarren,ENG,2022,70.801,3.74,312.4,196.0,66.91,57.18,0.208,0.197,-0.013,0.122,-0.097,0.222,3,0,405,0.67,1034362
David Lipsky,USA,2022,70.802,3.65,295.2,168.0,68.12,56.83,0.346,0.354,-0.036,0.001,0.026,0.382,3,0,505,0.89,1269468
C.T. Pan,TPE,2022,70.803,3.67,296.7,183.0,66.53,60.12,0.276,0.2,0.022,-0.027,0.08,0.254,2,0,473,1.02,1313259
Jason Day,AUS,2022,70.806,3.91,301.6,174.0,64.72,59.94,0.201,-0.137,0.089,0.018,0.231,0.112,2,0,385,1.05,1086460
Stephan Jaeger,GER,2022,70.841,3.74,293.0,291.0,63.46,60.11,0.107,0.177,0.027,-0.506,0.408,0.08,2,0,480,1.07,1289503
Nick Hardy,USA,2022,70.845,3.8,305.7,189.0,68.74,54.82,0.115,-0.134,0.175,0.386,-0.312,-0.059,1,0,288,0.85,820728
Joel Dahmen,USA,2022,70.855,3.84,292.1,173.0,67.91,55.4,-0.021,0.195,-0.126,0.14,-0.229,0.105,3,0,524,1.24,1712942
Anirban Lahiri,IND,2022,70.869,3.49,298.2,175.0,64.89,59.12,0.231,-0.18,-0.181,0.448,0.145,0.413,3,0,642,1.5,3084598
Adam Svensson,CAN,2022,70.877,4.04,293.4,194.0,67.44,56.48,0.193,0.331,0.044,-0.005,-0.178,0.148,3,0,483,1.06,1209000
Matt Jones,AUS,2022,70.879,3.79,306.5,221.0,65.57,60.05,0.394,0.107,-0.447,0.253,0.48,0.841,2,0,653,1.56,1914560
Kurt Kitayama,USA,2022,70.882,3.81,310.8,200.0,65.79,58.47,0.29,0.149,-0.017,0.142,0.016,0.307,3,0,839,1.96,2547912
Lee Hodges,USA,2022,70.889,3.56,300.3,172.0,69.12,58.61,0.132,0.256,-0.245,0.119,0.002,0.377,2,0,424,0.85,1377251
Kevin Streelman,USA,2022,70.901,3.53,295.8,137.0,66.48,64.41,0.397,0.054,-0.091,0.304,0.129,0.488,2,0,509,1.31,1354092
Nate Lashley,USA,2022,70.902,4.04,295.2,185.0,67.69,60.63,0.29,0.093,0.206,0.017,-0.026,0.084,1,0,427,0.59,976895
Robert Streb,USA,2022,70.906,3.31,300.4,202.0,64.32,61.35,0.047,-0.042,-0.019,0.037,0.071,0.066,3,0,385,0.84,1120076
Si Woo Kim,KOR,2022,70.916,3.85,301.1,134.0,65.59,61.45,0.227,0.072,-0.404,0.287,0.272,0.631,1,0,751,1.69,2234151
Abraham Ancer,MEX,2022,70.917,3.84,297.1,124.0,66.86,60.69,0.139,0.026,0.165,0.395,-0.447,-0.026,3,0,510,3.21,1777504
Vince Whaley,USA,2022,70.923,4.14,302.0,264.0,63.79,58.12,-0.076,-0.466,0.341,-0.052,0.101,-0.417,2,0,438,0.67,1039817
Taylor Moore,USA,2022,70.939,4.01,302.0,153.0,68.25,58.75,0.123,-0.196,-0.027,0.243,0.103,0.15,4,0,623,1.28,1751237
Pat Perez,USA,2022,70.941,3.77,287.2,297.0,64.25,61.9,0.402,0.199,0.145,-0.402,0.46,0.257,2,0,345,0.91,1071981
Emiliano Grillo,ARG,2022,70.965,4.05,305.6,99.0,67.92,57.94,0.448,0.043,-0.022,0.48,-0.054,0.47,2,0,691,1.45,2094647
Kevin Kisner,USA,2022,70.966,3.83,290.4,197.0,67.17,59.74,0.387,-0.171,0.561,-0.317,0.314,-0.174,5,0,906,3.09,3757424
James Hahn,USA,2022,70.973,3.39,302.8,155.0,65.81,60.87,-0.058,0.013,-0.278,0.286,-0.079,0.22,3,0,400,0.69,1183254
Beau Hossler,USA,2022,70.98,3.47,309.3,209.0,63.49,58.7,0.071,-0.666,0.717,-0.121,0.141,-0.646,2,0,572,0.96,1716430
Rickie Fowler,USA,2022,70.987,3.45,309.4,158.0,62.21,56.94,-0.162,-0.161,-0.253,-0.022,0.274,0.092,1,0,324,0.96,1072929
Greyson Sigg,USA,2022,70.994,3.67,294.9,195.0,68.09,61.12,-0.049,0.056,-0.051,0.017,-0.071,0.002,1,0,397,0.83,884085
Brandon Wu,USA,2022,71.006,3.74,295.3,200.0,69.22,57.8,-0.195,-0.019,-0.065,0.165,-0.276,-0.13,4,0,586,0.89,1472515
Trey Mullinax,USA,2022,71.008,4.04,317.2,175.0,66.73,58.45,0.197,0.021,-0.158,0.451,-0.118,0.354,3,1,590,1.32,2172365
Dylan Frittelli,RSA,2022,71.013,3.56,304.1,255.0,64.64,59.29,-0.041,-0.007,0.061,-0.192,0.096,-0.102,1,0,401,1.02,1194625
Chez Reavie,USA,2022,71.039,3.44,283.9,196.0,66.54,60.35,-0.184,0.467,-0.368,-0.209,-0.074,0.184,3,1,715,1.31,1908670
Hayden Buckley,USA,2022,71.041,3.57,300.1,113.0,69.54,56.71,0.139,0.086,-0.308,0.568,-0.207,0.447,2,0,456,0.81,1303036
Doug Ghim,USA,2022,71.056,3.29,295.6,171.0,66.47,60.95,-0.157,0.158,-0.405,0.135,-0.045,0.248,1,0,385,0.85,1347458
Peter Malnati,USA,2022,71.059,3.93,297.1,284.0,64.29,58.91,0.08,-0.023,0.204,-0.268,0.167,-0.124,2,0,501,0.61,1288197
Sam Ryder,USA,2022,71.064,3.74,294.0,254.0,65.66,57.72,-0.028,0.062,0.109,-0.153,-0.046,-0.137,3,0,412,0.66,1257416
Michael Thompson,USA,2022,71.07,3.76,287.9,202.0,64.09,62.43,-0.11,-0.133,0.146,-0.255,0.132,-0.257,2,0,406,0.79,1148272
Danny Lee,NZL,2022,71.072,3.9,297.8,274.0,61.86,56.02,-0.654,-0.085,-0.263,0.072,-0.379,-0.391,3,0,490,0.66,1265934
Scott Piercy,USA,2022,71.084,3.68,295.8,274.0,62.63,59.85,0.012,-0.217,0.026,0.022,0.181,-0.014,1,0,410,0.7,1030752
Kramer Hickok,USA,2022,71.087,3.37,294.5,171.0,65.93,57.17,-0.285,0.041,-0.274,0.232,-0.283,-0.01,1,0,328,0.83,881229
Justin Lower,USA,2022,71.093,3.88,294.2,243.0,67.36,58.39,-0.261,0.093,0.252,-0.334,-0.272,-0.512,2,0,311,0.55,700545
Austin Smotherman,USA,2022,71.106,3.75,304.6,116.0,68.47,57.21,0.222,0.412,-0.262,0.428,-0.356,0.484,1,0,315,0.61,770827
Danny Willett,ENG,2022,71.114,3.47,297.2,194.0,64.52,60.61,0.004,-0.458,-0.066,0.016,0.513,0.07,1,0,304,1.09,914293
Stewart Cink,USA,2022,71.118,3.66,306.2,156.0,68.25,51.82,-0.252,-0.013,-0.09,0.1,-0.249,-0.162,2,0,376,1.36,1026158
Adam Schenk,USA,2022,71.118,3.42,304.0,215.0,64.44,57.99,-0.233,0.152,0.053,-0.052,-0.386,-0.286,3,0,461,0.98,1339523
Sepp Straka,AUT,2022,71.119,3.56,303.0,178.0,66.55,57.97,-0.029,-0.247,0.285,0.023,-0.09,-0.314,5,1,909,2.66,4722434
Lucas Herbert,AUS,2022,71.179,3.74,307.3,235.0,57.82,60.73,-0.28,-0.979,0.853,-0.247,0.094,-1.132,2,1,796,2.04,2558440
Chad Ramey,USA,2022,71.208,3.84,288.9,208.0,65.91,55.36,-0.51,0.053,-0.205,-0.192,-0.167,-0.306,2,1,568,1.03,1281224
Brooks Koepka,USA,2022,71.234,3.83,311.9,192.0,63.16,56.39,0.124,-0.064,0.262,0.21,-0.284,-0.137,2,0,412,3.03,1317085
Francesco Molinari,ITA,2022,71.263,3.72,295.4,221.0,63.42,57.31,0.053,-0.142,0.126,-0.267,0.336,-0.073,1,0,272,1.14,816460
Lucas Glover,USA,2022,71.27,3.71,297.5,128.0,68.28,54.43,-0.195,0.368,-0.568,0.23,-0.224,0.373,2,0,349,1.57,1941796
Patton Kizzire,USA,2022,71.285,3.72,303.7,223.0,65.56,59.5,-0.143,0.213,-0.136,-0.16,-0.061,-0.007,1,0,351,0.89,985293
Michael Gligic,CAN,2022,71.296,3.69,301.2,203.0,67.29,59.09,-0.101,-0.087,-0.084,0.168,-0.097,-0.017,1,0,283,0.55,652204
Brian Stuard,USA,2022,71.332,3.29,277.4,196.0,64.98,61.85,-0.656,0.021,-0.349,-0.475,0.146,-0.307,2,0,285,0.58,705260
Matthew Wolff,USA,2022,71.375,3.81,318.4,198.0,62.17,55.31,-0.259,-0.632,0.423,-0.234,0.183,-0.683,2,0,572,1.39,1485181
Matt Wallace,ENG,2022,71.4,3.57,303.7,188.0,65.97,54.81,-0.685,-0.109,-0.003,-0.45,-0.123,-0.681,2,0,316,1.12,918351
Erik van Rooyen,RSA,2022,71.453,3.63,299.4,182.0,65.05,51.66,-0.292,0.411,-0.333,0.09,-0.46,0.041,1,0,269,1.57,927524
Doc Redman,USA,2022,71.467,3.61,294.8,241.0,67.3,56.34,-0.264,0.146,0.125,-0.114,-0.421,-0.389,1,0,304,0.51,849809
Hudson Swafford,USA,2022,71.49,4.03,307.4,135.0,66.75,54.05,-0.314,0.438,0.002,-0.008,-0.747,-0.316,1,1,640,1.36,1714926
Cameron Champ,USA,2022,71.527,3.73,321.4,133.0,67.16,55.59,-0.082,-0.178,-0.177,0.637,-0.365,0.095,2,0,288,1.21,940458
Kevin Tway,USA,2022,71.554,3.4,310.2,208.0,64.79,58.2,-0.572,-0.654,0.129,-0.105,0.058,-0.701,1,0,361,0.56,927182
Max McGreevy,USA,2022,71.556,3.63,289.8,221.0,63.58,57.63,-0.662,-0.225,-0.129,-0.316,0.009,-0.533,2,0,404,0.75,999625
Chesson Hadley,USA,2022,71.565,3.73,301.8,241.0,65.35,59.12,-0.173,-0.003,0.511,-0.433,-0.248,-0.684,4,0,404,0.69,1195172
Harry Higgs,USA,2022,71.606,3.15,301.8,240.0,61.39,60.61,-0.824,-0.6,0.215,-0.35,-0.089,-1.039,1,0,272,0.81,834333
Carlos Ortiz,MEX,2022,71.632,3.77,303.4,215.0,63.39,55.72,-0.622,-0.141,-0.061,-0.069,-0.351,-0.561,1,0,414,1.08,1087463
Martin Trainer,FRA,2022,71.841,3.56,305.5,232.0,63.53,56.45,-0.885,-0.938,0.52,-0.34,-0.127,-1.405,2,0,270,0.34,726985
Nick Watney,USA,2022,72.038,3.26,301.2,264.0,66.81,54.41,-0.914,0.131,-0.186,-0.553,-0.306,-0.728,1,0,387,0.38,1012572
